relative_path	name	size_bytes	char_count	sha1	is_text
README.md	README.md	1186	1186	3f68bf051bbd1190d7f03d3b3522057453f12203	True
incoming_archives/CIEL_CONSOLIDATED_v3.1.5_M4v1.tar.gz	CIEL_CONSOLIDATED_v3.1.5_M4v1.tar.gz	200326		5a2ba8c265e6e391fff0776e6e96fb1c448d1fdf	False
incoming_archives/CIEL_CONSOLIDATED_v3.1.7_MEMORY_SECTOR_COMPLETE.clean.tar.gz	CIEL_CONSOLIDATED_v3.1.7_MEMORY_SECTOR_COMPLETE.clean.tar.gz	374235		554cbccc205645ff8b6e38f331767b533e9d67a7	False
incoming_archives/CIEL_FOUNDATIONS_SCAFFOLD_V2.tar.gz	CIEL_FOUNDATIONS_SCAFFOLD_V2.tar.gz	17583		2e3baa46b4d8ba99aad79729cf798bc38feb6322	False
incoming_archives/CIEL_OMEGA_COMPLETE_SYSTEM_WITH_README.tar.gz	CIEL_OMEGA_COMPLETE_SYSTEM_WITH_README.tar.gz	1350952		c2c385f41f2db3a749eea599cd8eb169843e6b96	False
incoming_archives/CIEL_OMEGA_FIXED_ALL_6_BABOL_PATCHED.tar.gz	CIEL_OMEGA_FIXED_ALL_6_BABOL_PATCHED.tar.gz	455747		e29817f93fa3826a19fd6eec6df9f21a91f9e5c7	False
incoming_archives/VOCABULARY_COMPLETE_SYSTEM.tar.gz	VOCABULARY_COMPLETE_SYSTEM.tar.gz	68786		ce170b605532917d0ae1772500130deebb6c8710	False
incoming_archives/holonomic_observed_end_to_end.zip	holonomic_observed_end_to_end.zip	21152771		daf8a51f3330eca49003524597557d4788835899	False
incoming_archives/holonomic_relations_package.zip	holonomic_relations_package.zip	1707		b6db3c808d1dbeb6b9ecf129a4144a59eb7ac449	False
incoming_archives/holonomic_relations_research_grade.zip	holonomic_relations_research_grade.zip	173770		a5703db6e6539aaf3be329eabc4d8e6e48a431ad	False
incoming_archives/observed_datasets_bundle.zip	observed_datasets_bundle.zip	19544869		5fc2728fb9dc9ed4f98b6e16676475b8b2fc0164	False
integrations/run_all_checks.py	run_all_checks.py	1049	1049	8038a7027ed0b60ad9eb987dcb8b7955e6b977d3	True
integrations/README.md	README.md	100	100	1eafc0a036566b5a02be622c486e57d8a759c294	True
reports/CONSOLIDATION_REPORT.md	CONSOLIDATION_REPORT.md	4782	4782	c79ee08996d52e934b5fd6036ada473195648385	True
logs/compileall_runtime.log	compileall_runtime.log	0		da39a3ee5e6b4b0d3255bfef95601890afd80709	False
logs/pytest_runtime.log	pytest_runtime.log	22307		b29a5b323246efec4d2ce3fe643082620655a686	False
logs/demo_unified_euler.log	demo_unified_euler.log	1509		0aa216dccf08482addbac7d4c5c915af4ca4679b	False
logs/demo_vocabulary_resolve.log	demo_vocabulary_resolve.log	1235		20a8e77331e2a2532b12bd19ad10b69c918704c8	False
logs/demo_ciel_omega_complete.log	demo_ciel_omega_complete.log	10154		b6053776584949f19852ab06527521fc031650b3	False
logs/holonomic_relations_research_grade.log	holonomic_relations_research_grade.log	0		da39a3ee5e6b4b0d3255bfef95601890afd80709	False
logs/holonomic_observed_end_to_end.log	holonomic_observed_end_to_end.log	100		ad13ed590a47de878ac00da476398e503dd092ae	False
logs/compileall_foundations.log	compileall_foundations.log	0		da39a3ee5e6b4b0d3255bfef95601890afd80709	False
manifests/archive_inventory.json	archive_inventory.json	1705	1705	08d6ef07ca098c536ded526d37474af58b86e47d	True
manifests/comparison_summary.json	comparison_summary.json	6122	6122	47f74fc9aaf426e86abffc871bf52c37d9011f4c	True
manifests/linkage_map.json	linkage_map.json	1383	1383	4f8cd53f8047e00a7ab10e26a0b23f82976d0712	True
manifests/pytest_summary.json	pytest_summary.json	36	36	18140bdf98d8d1694b699924c0cf6a8c201d2e4b	True
NONLOCAL_REPO_HYPERSPACE/README.md	README.md	1778	1778	b539dd4496d0be4a317b5a6d8589d9ac9465547c	True
NONLOCAL_REPO_HYPERSPACE/registry.yaml	registry.yaml	841	841	fa22b8e19b56149f1b29650b366cd204f6d717f1	True
NONLOCAL_REPO_HYPERSPACE/maps/repo_hypergraph.yaml	repo_hypergraph.yaml	1258	1258	66301e299988363edde3bb5e1e645db7c46695d9	True
NONLOCAL_REPO_HYPERSPACE/maps/semantic_bloch_localization.yaml	semantic_bloch_localization.yaml	972	972	7dedae08ef4c08bf607c0e2562b9e25f1a1b8f46	True
NONLOCAL_REPO_HYPERSPACE/indices/README.md	README.md	227	227	cd6626b3d62ab7b8ead5e24fb78f7d5bb05b2b96	True
NONLOCAL_REPO_HYPERSPACE/TODO/README.md	README.md	286	286	5c56af93079ee74a1e886a62944e1beb67572476	True
data/observed_datasets_bundle/general_data.json	general_data.json	3307122	3300276	60dfaffffed7ffa6e7d0a1dfc8724f41c14425ca	True
data/observed_datasets_bundle/qa_data.json	qa_data.json	6164420	6143535	a7b0ca4648d6bcd7c01677a8740ad0a62ac725f3	True
data/observed_datasets_bundle/summarization_data.json	summarization_data.json	46992527	46851400	b47a5d5c07f09642a1cd43b6396b64811a6b074c	True
data/observed_datasets_bundle/manifest.json	manifest.json	1495	1495	cef8206c0d98cb40a8039e5ad73f07f09e702d34	True
data/observed_datasets_bundle/README.txt	README.txt	341	341	602ef9fbbf41b584c06ec797202e3d805fcb5c46	True
research/holonomic_relations_research_grade/README.txt	README.txt	668	668	b6b505eeaeb148ab96c70cf895d9430a5081a187	True
research/holonomic_observed_end_to_end/README.txt	README.txt	615	613	00b3bbb762ca14f6a6164fcfeeb62af1b0660839	True
research/holonomic_observed_end_to_end/code/analyze_observed_holonomic.py	analyze_observed_holonomic.py	10570	10566	7521376e55edd3830f3d4b832076c2b3001f1cf5	True
research/holonomic_observed_end_to_end/data/general_data.json	general_data.json	3307122	3300276	60dfaffffed7ffa6e7d0a1dfc8724f41c14425ca	True
research/holonomic_observed_end_to_end/data/qa_data.json	qa_data.json	6164420	6143535	a7b0ca4648d6bcd7c01677a8740ad0a62ac725f3	True
research/holonomic_observed_end_to_end/data/summarization_data.json	summarization_data.json	46992527	46851400	b47a5d5c07f09642a1cd43b6396b64811a6b074c	True
research/holonomic_observed_end_to_end/results/observed_holonomic_scores.jsonl	observed_holonomic_scores.jsonl	9702312		4d02470a9eb8382c42f056930c3ca23f88f90ff8	False
research/holonomic_observed_end_to_end/results/observed_holonomic_scores.csv	observed_holonomic_scores.csv	3471437	3426929	a5eb1382bf4bbb07b14f4690842587bb18435e8d	True
research/holonomic_observed_end_to_end/results/summary.json	summary.json	2252	2252	520866522b9bab75a4c7f1573b50ea174fa5495a	True
research/holonomic_observed_end_to_end/results/summary.md	summary.md	1061	1061	c819e699d37bdd1df1d3b01f613c6cc9612e1b63	True
research/holonomic_observed_end_to_end/results/mean_H_by_dataset_case.png	mean_H_by_dataset_case.png	56648		161cb1a4fc3f9cc6099fcb6fe1ee6598390ed732	False
research/holonomic_observed_end_to_end/results/mean_theta_by_dataset_case.png	mean_theta_by_dataset_case.png	54816		d3813cc3f888751b9fe0659d38f6f7eac43c7c4e	False
research/holonomic_observed_end_to_end/results/general_hallucination_hist.png	general_hallucination_hist.png	41221		76e17ec24ad7dada7c90858e7cc2c143e38254af	False
research/holonomic_observed_end_to_end/results/H_vs_support_scatter.png	H_vs_support_scatter.png	354718		b401878ef9e08fffb7d76eea6f288df3332d0dab	False
research/holonomic_observed_end_to_end/report/REPORT.md	REPORT.md	2853	2839	7ae4a0849a1828e7f3451d37f73a116d61d67621	True
research/holonomic_observed_end_to_end/report/results_snippet.tex	results_snippet.tex	908	908	1b3c7ed39d86fedc133dcb1f7fddc380809c5f78	True
research/holonomic_relations_research_grade/latex/paper.tex	paper.tex	6421	6421	fde5683f73791fa3230e5ae24976a5ec7287d01d	True
research/holonomic_relations_research_grade/latex/refs.bib	refs.bib	733		c0002ca7cc0800f353ff722363ad16258c8da306	False
research/holonomic_relations_research_grade/latex/results_snippet.tex	results_snippet.tex	483	483	3091449a90120c8d210b381a574cc175eba9af4d	True
research/holonomic_relations_research_grade/code/simulate_holonomic_relations.py	simulate_holonomic_relations.py	6787	6787	2e8d8f7563c0a8a6e8782a40b3d500bf6a143725	True
research/holonomic_relations_research_grade/results/mean_H_low.csv	mean_H_low.csv	62511	62511	50ba522728e080f42e5293b48f30c75d12c95608	True
research/holonomic_relations_research_grade/results/mean_H_high.csv	mean_H_high.csv	62512	62512	9959039027846e24e97b01eb03642f495359d1b2	True
research/holonomic_relations_research_grade/results/final_H_low.csv	final_H_low.csv	7512	7512	83d256b0584202796af68433371c038d9f4e4e0c	True
research/holonomic_relations_research_grade/results/final_H_high.csv	final_H_high.csv	7513	7513	f67a5c591a03215347fd24a94b913a13d0af2a0b	True
research/holonomic_relations_research_grade/results/theta_low.csv	theta_low.csv	7510	7510	c30cee9621554e49cdf97a2fbbc9f4be4177f6b9	True
research/holonomic_relations_research_grade/results/theta_high.csv	theta_high.csv	7511	7511	be6f820fd10d54ce79562e60240fa3acd03033a4	True
research/holonomic_relations_research_grade/results/mean_holonomy_comparison.png	mean_holonomy_comparison.png	60468		cbe3072633c48d238772a6d72c98bf44e259499a	False
research/holonomic_relations_research_grade/results/final_holonomy_histogram.png	final_holonomy_histogram.png	32124		33bd6dbcf92e2d62f92942cdf0b837828d2b8675	False
research/holonomic_relations_research_grade/results/finalH_vs_theta.png	finalH_vs_theta.png	37019		37574ed366b1c71a987f66e7afbc829cc14c95a0	False
research/holonomic_relations_research_grade/results/summary.json	summary.json	772	772	8d76c86864b746195bc00730445e270763ed494b	True
research/holonomic_relations_research_grade/results/summary.md	summary.md	444	444	a7e22b1fac6d8e3f370296aca70032f193134a4f	True
research/holonomic_relations_research_grade/notes/interpretation.md	interpretation.md	731	731	f1779de30bfd5ed0e41c182ee0d00ad1cf7d3c0c	True
research/holonomic_relations_research_grade/notes/limitations.md	limitations.md	332	332	f1c092a36450c9faef6292d9e4037316fa7d2b99	True
systems/CIEL_OMEGA_COMPLETE_SYSTEM/MERGE_MANIFEST.md	MERGE_MANIFEST.md	846	839	3b86beda05a12f0bd59157a2af24b86eef5c7d15	True
systems/CIEL_OMEGA_COMPLETE_SYSTEM/euler_demo_output.json	euler_demo_output.json	561	553	b8fcea8c8b36d21cecf98eca2269f805b2d6d112	True
systems/CIEL_OMEGA_COMPLETE_SYSTEM/CANONICAL_BUILD_MANIFEST.md	CANONICAL_BUILD_MANIFEST.md	627	627	806d3db60a4b2263124323d0c411f6229409678f	True
systems/CIEL_OMEGA_COMPLETE_SYSTEM/README.md	README.md	7470	7427	68853757515420cc03337614e9bbdfd2a4f5cc56	True
systems/CIEL_OMEGA_MEMORY_REFERENCE_v3.1.7/MEMORY_SECTOR_MANIFEST.md	MEMORY_SECTOR_MANIFEST.md	1030	1030	b344d1b15019734c0c07efec2b85f8df0e7beb17	True
systems/CIEL_OMEGA_MEMORY_REFERENCE_v3.1.7/README.md	README.md	4463	4314	c9882a01490151bf24f1705384190c67604c77e7	True
systems/CIEL_OMEGA_MEMORY_REFERENCE_v3.1.7/demo_ciel_omega_complete.py	demo_ciel_omega_complete.py	18268	18120	488fbba8bff993e1a1f90e2a3b88568623a92af1	True
systems/CIEL_OMEGA_MEMORY_REFERENCE_v3.1.7/demo_full_pipeline.py	demo_full_pipeline.py	25322	22424	e6c56785735576e2b4854fc505e67649de803732	True
systems/CIEL_OMEGA_MEMORY_REFERENCE_v3.1.7/demo_holonomic_orchestrator.py	demo_holonomic_orchestrator.py	3236	3236	fe03d1c7535b951f2f57a079f58b6d8f9a063168	True
systems/CIEL_OMEGA_MEMORY_REFERENCE_v3.1.7/demo_holonomy_eba.py	demo_holonomy_eba.py	11867	11726	89b2f58719c589c38dce8efa027e08fca2e49a6c	True
systems/CIEL_OMEGA_MEMORY_REFERENCE_v3.1.7/demo_m0_perceptual_memory.py	demo_m0_perceptual_memory.py	1575	1574	401c3616cee2a5060ba003c3affdde88245d532f	True
systems/CIEL_OMEGA_MEMORY_REFERENCE_v3.1.7/demo_m1_working_memory.py	demo_m1_working_memory.py	1388	1382	a25591c6e0fd6a36b9539b1a99c4de91550f5eaa	True
systems/CIEL_OMEGA_MEMORY_REFERENCE_v3.1.7/demo_m3_semantic_memory.py	demo_m3_semantic_memory.py	2932	2931	77f49c7a9511780423232233b1aea803c406a64a	True
systems/CIEL_OMEGA_MEMORY_REFERENCE_v3.1.7/demo_m4_procedural_memory.py	demo_m4_procedural_memory.py	2411	2410	9613def01de6d19c0ff2affe4bd49611db372952	True
systems/CIEL_OMEGA_MEMORY_REFERENCE_v3.1.7/demo_m5_affective_memory.py	demo_m5_affective_memory.py	2367	2367	e2cc0ec1e40771eb768b4214fd140e84930f8dab	True
systems/CIEL_OMEGA_MEMORY_REFERENCE_v3.1.7/demo_m6_identity_memory.py	demo_m6_identity_memory.py	10966	10916	df6b8fd76524a13fdcf6903ec2ec83e84313c3b9	True
systems/CIEL_OMEGA_MEMORY_REFERENCE_v3.1.7/demo_memory_system.py	demo_memory_system.py	13067	13033	8755e7ea9e64de1101dd14be4e632a1d668d80ad	True
systems/CIEL_OMEGA_MEMORY_REFERENCE_v3.1.7/demo_validation_fixes.py	demo_validation_fixes.py	10250	10155	849985da385cc31a2fe9804e8b81fba1439a11b3	True
systems/CIEL_OMEGA_MEMORY_REFERENCE_v3.1.7/test_affective_memory.py	test_affective_memory.py	3397	3396	03274c54c1280fc340e37c6941d4a0924ec74733	True
systems/CIEL_OMEGA_MEMORY_REFERENCE_v3.1.7/test_affective_memory_consolidation.py	test_affective_memory_consolidation.py	2839	2838	6577a9021ee3723e27af7b5eb04c93831bdaa61a	True
systems/CIEL_OMEGA_MEMORY_REFERENCE_v3.1.7/test_alignment_strengthening.py	test_alignment_strengthening.py	3245	3225	190ac7aea28ae3153e8e287bd33abe5992223b0a	True
systems/CIEL_OMEGA_MEMORY_REFERENCE_v3.1.7/test_defect_minimization.py	test_defect_minimization.py	2465	2458	a294df1e60f63f17472879bfdda5fe2d849d3ae7	True
systems/CIEL_OMEGA_MEMORY_REFERENCE_v3.1.7/test_grid_stability.py	test_grid_stability.py	4211	4191	a4850f6b23bf3e39edbaa2c4b3ba7d28fcb24f0c	True
systems/CIEL_OMEGA_MEMORY_REFERENCE_v3.1.7/test_holonomic_orchestrator.py	test_holonomic_orchestrator.py	2442	2442	5111aa3af9d4c725e58c7c064dddc455671dc61c	True
systems/CIEL_OMEGA_MEMORY_REFERENCE_v3.1.7/test_m6_1_acceptance.py	test_m6_1_acceptance.py	13159	13102	950af02ffae3f6200d46437ffb67dc2d1e03411c	True
systems/CIEL_OMEGA_MEMORY_REFERENCE_v3.1.7/test_memory_sector_integration.py	test_memory_sector_integration.py	2794	2794	091fad762725e6122df27ec68ec02133655e30ce	True
systems/CIEL_OMEGA_MEMORY_REFERENCE_v3.1.7/test_perceptual_memory.py	test_perceptual_memory.py	3116	3115	eee015f249b6d41564f8416746fbbaa9c910540e	True
systems/CIEL_OMEGA_MEMORY_REFERENCE_v3.1.7/test_perceptual_memory_consolidation.py	test_perceptual_memory_consolidation.py	2242	2241	4e8a01a5308f4c972ba5860de5e35e61e562be9c	True
systems/CIEL_OMEGA_MEMORY_REFERENCE_v3.1.7/test_procedural_memory.py	test_procedural_memory.py	4200	4199	e8963e336c12ebed3612a755e79075fbf11dde73	True
systems/CIEL_OMEGA_MEMORY_REFERENCE_v3.1.7/test_procedural_memory_consolidation.py	test_procedural_memory_consolidation.py	2715	2714	8de019aa58a742b4fea1ea91b61c9a65200d43bb	True
systems/CIEL_OMEGA_MEMORY_REFERENCE_v3.1.7/test_semantic_memory.py	test_semantic_memory.py	4397	4396	0e307ba15f83a8ec8b9b2284da50d47f71427d58	True
systems/CIEL_OMEGA_MEMORY_REFERENCE_v3.1.7/test_semantic_memory_consolidation.py	test_semantic_memory_consolidation.py	2746	2745	fa2f663c94cb241628c0ec328102300c30b18b2e	True
systems/CIEL_OMEGA_MEMORY_REFERENCE_v3.1.7/test_working_memory.py	test_working_memory.py	3285	3284	e331a22e847a0a06ca854595ddb271e2f80d768e	True
systems/CIEL_OMEGA_MEMORY_REFERENCE_v3.1.7/test_working_memory_consolidation.py	test_working_memory_consolidation.py	2188	2187	ee7a52d71877b05ff33f09afcb395de554082e34	True
systems/CIEL_FOUNDATIONS/ORGANIZATION.md	ORGANIZATION.md	886	886	1d4bf500dda8cbb4beb7e5c7002206e609788bb9	True
systems/CIEL_FOUNDATIONS/PROJECT_CHARTER.md	PROJECT_CHARTER.md	1344	1344	b58270c3e1ad5ab3646e04fb344bf39aecd2cf6b	True
systems/CIEL_FOUNDATIONS/README.md	README.md	1603	1603	da1ba1b0079a5b244cee1fbdc3039dbb60a50f66	True
systems/CIEL_FOUNDATIONS/ROADMAP.md	ROADMAP.md	1444	1444	ebc017d3273b000f926e7f4199bc6c47443681b8	True
systems/CIEL_FOUNDATIONS/STRUCTURE.md	STRUCTURE.md	1660	1660	2d027b422b09ecdc027f29708244e3e0de1a09f6	True
systems/CIEL_FOUNDATIONS/pyproject.toml	pyproject.toml	233	233	a318721f4c3b74ec58d21a2f47dad1605f0915ea	True
systems/CIEL_FOUNDATIONS/LaTeX/README.md	README.md	361	361	9cb87b726c786b5a88686abd5044dec21c218f17	True
systems/CIEL_FOUNDATIONS/Simulations/README.md	README.md	238	238	79271c26e1ab97c2ec17fca2c0cff336875fb38b	True
systems/CIEL_FOUNDATIONS/Simulations/registry.yaml	registry.yaml	169	169	11cfd69d90453ed17dbde5aecb8a8b437fe3de89	True
systems/CIEL_FOUNDATIONS/archive/README.md	README.md	107	107	873998132ed9fd54e7ddb425513f12973eeccd89	True
systems/CIEL_FOUNDATIONS/artifacts/README.md	README.md	180	180	8e04e4f08f48ee49419acb8ddf64972615183190	True
systems/CIEL_FOUNDATIONS/artifacts/registry.yaml	registry.yaml	191	191	c5650208b9d93d5ff4f665ecd97bf357c5e2216d	True
systems/CIEL_FOUNDATIONS/assumptions/README.md	README.md	217	217	ce57042ab94aae05564d6a9d2869bcb2ce52e295	True
systems/CIEL_FOUNDATIONS/assumptions/registry.yaml	registry.yaml	831	831	cb6427c9cf3e9d4c270a3692049ee8a5aa4904c3	True
systems/CIEL_FOUNDATIONS/axioms/AX-001-projective-state.md	AX-001-projective-state.md	107	107	e7892b40deac6ed2aeb52b99616d58612a1f7a17	True
systems/CIEL_FOUNDATIONS/axioms/AX-002-closure.md	AX-002-closure.md	98	98	5c52eb13ff4e206463595f138e5020d736d05272	True
systems/CIEL_FOUNDATIONS/axioms/AX-003-relational-spectrum.md	AX-003-relational-spectrum.md	110	110	91229bd208f221667bedcfd7b1ee1dc70d7b8df9	True
systems/CIEL_FOUNDATIONS/axioms/AX-004-discrete-arithmetic-seed.md	AX-004-discrete-arithmetic-seed.md	115	115	e02e3c635059baa78d8bec1e35beaad05980b158	True
systems/CIEL_FOUNDATIONS/axioms/AX-005-constants-from-closure.md	AX-005-constants-from-closure.md	113	113	1504dfd23519b1b60f7a6bc8af9aca3f563bfe32	True
systems/CIEL_FOUNDATIONS/axioms/registry.yaml	registry.yaml	776	776	30b5702017cade9c676640727511f955ca8c7a7d	True
systems/CIEL_FOUNDATIONS/benchmarks/README.md	README.md	103	103	90350554ac1752ccccac494073e626ea63896a96	True
systems/CIEL_FOUNDATIONS/benchmarks/registry.yaml	registry.yaml	353	353	cc740b1dc1fccb88b3931e1caeec973da3c20166	True
systems/CIEL_FOUNDATIONS/bibliography/README.md	README.md	171	171	1a31e2244f493f57ac8a6274058c9ac547164df7	True
systems/CIEL_FOUNDATIONS/bibliography/citation_index.yaml	citation_index.yaml	10	10	3af6bb31aa633e14032f0293768d799a9130b3f5	True
systems/CIEL_FOUNDATIONS/bibliography/master.bib	master.bib	152		e2c7ac5f59b368282fac48875f435e7c6b749543	False
systems/CIEL_FOUNDATIONS/bibliography/sources.yaml	sources.yaml	12	12	e7cc34e6f2ab13da5e476c6f7b3db60a85bb1780	True
systems/CIEL_FOUNDATIONS/constants/registry.yaml	registry.yaml	643	643	c117faa57d3d1f291e1b76a9c13d9419b690475e	True
systems/CIEL_FOUNDATIONS/decisions/ADR-0001-foundations-separate-from-omega.md	ADR-0001-foundations-separate-from-omega.md	461	461	94584e9f9e2842eac0abf1099ff4465862326699	True
systems/CIEL_FOUNDATIONS/decisions/ADR-0002-source-of-truth-is-text-yaml-code.md	ADR-0002-source-of-truth-is-text-yaml-code.md	262	262	eb3e5e71ea83b33dc6695d62206d0a9141264589	True
systems/CIEL_FOUNDATIONS/decisions/README.md	README.md	174	174	6d922b8f877bce3d9d9f9c9dd5c530d7ce0c5826	True
systems/CIEL_FOUNDATIONS/definitions/registry.yaml	registry.yaml	39	39	5298d143e7c3e10abc34e59ba5c65fa2413ef6a1	True
systems/CIEL_FOUNDATIONS/derivations/dependency_graph.yaml	dependency_graph.yaml	855	855	fcf9d5c3e6ed0200612f94cb9745943e03e4305d	True
systems/CIEL_FOUNDATIONS/derivations/module_map.yaml	module_map.yaml	522	522	0715519333f75bb2f70d0f84c80476edbd9b89fe	True
systems/CIEL_FOUNDATIONS/environments/README.md	README.md	90	90	6c518a98b97e1f1737742e8418d9d3bb27626da8	True
systems/CIEL_FOUNDATIONS/environments/base.yml	base.yml	100	100	6eae941746610c8e48604b606b2cfad3f48175da	True
systems/CIEL_FOUNDATIONS/environments/full.yml	full.yml	149	149	d52f68c7f52601e34e9d32926dc4f3f9f8fa3470	True
systems/CIEL_FOUNDATIONS/environments/minimal.txt	minimal.txt	26	26	dd0e7a9de4df3c3a7ff58148e3759268720c413d	True
systems/CIEL_FOUNDATIONS/falsification/README.md	README.md	141	141	76892ecfb1bc4754bda18a44d779fcc1485778bf	True
systems/CIEL_FOUNDATIONS/falsification/closure.md	closure.md	177	177	3c08ab8196ecdcca18983520ff25a40843d919da	True
systems/CIEL_FOUNDATIONS/falsification/constants.md	constants.md	206	206	b3ef9e85bfd7ccbea19601a0feff8578ea4e72fb	True
systems/CIEL_FOUNDATIONS/falsification/matrix.yaml	matrix.yaml	860	860	d0d4c29c4b915c46fb27b022589597512274cd7a	True
systems/CIEL_FOUNDATIONS/falsification/neutrino.md	neutrino.md	199	199	590b42eae49c3671603330545b96408e1de8feef	True
systems/CIEL_FOUNDATIONS/interfaces/README.md	README.md	142	142	70470b789fbbfcf7a811946c1ac9a2a92c77d7a3	True
systems/CIEL_FOUNDATIONS/interfaces/closure_interface.yaml	closure_interface.yaml	258	258	f3f8ac533e1fe3a172c11f6ecc02e0373205c550	True
systems/CIEL_FOUNDATIONS/interfaces/constants_interface.yaml	constants_interface.yaml	258	258	c3f3bb4afc8c4a36615af51f166eb9da10ad46e5	True
systems/CIEL_FOUNDATIONS/interfaces/state_interface.yaml	state_interface.yaml	226	226	1dc4ffaf2a8650ebf8267631385074c78855b207	True
systems/CIEL_FOUNDATIONS/operational_modes/README.md	README.md	331	331	d55e942799f4dd6c87e9d20368a15738004e3617	True
systems/CIEL_FOUNDATIONS/operational_modes/registry.yaml	registry.yaml	1486	1486	72d6392e8e9f2abe661ce5b6b061a327321ff108	True
systems/CIEL_FOUNDATIONS/provenance/README.md	README.md	162	162	b13e9cdd67b5a9d4462f17c811f6e03f1bfbe82a	True
systems/CIEL_FOUNDATIONS/provenance/lineage.yaml	lineage.yaml	47	47	cad07c70e2a1cabe71b4c61a281e2c9400a92213	True
systems/CIEL_FOUNDATIONS/reverse_operational_modes/README.md	README.md	152	152	6326e76ff0b7cf964a7caa268c18ecffe0c7a2c9	True
systems/CIEL_FOUNDATIONS/reverse_operational_modes/registry.yaml	registry.yaml	386	386	68577bdeda00c36d7977818492e7b904583bc137	True
systems/CIEL_FOUNDATIONS/schemas/README.md	README.md	78	78	8c44d31431da1391f0cb5c07c428604d299affe2	True
systems/CIEL_FOUNDATIONS/schemas/artifact.schema.yaml	artifact.schema.yaml	87	87	77535d34c082a32add5c72b99bb685bf7adc4b22	True
systems/CIEL_FOUNDATIONS/schemas/constant.schema.yaml	constant.schema.yaml	95	95	c6c959ff232536af69c3357debee6aa7e5dca194	True
systems/CIEL_FOUNDATIONS/schemas/operational_mode.schema.yaml	operational_mode.schema.yaml	131	131	9c9d7bdb75fe2768e7a931d355dda37328cf0ad7	True
systems/CIEL_FOUNDATIONS/schemas/simulation.schema.yaml	simulation.schema.yaml	109	109	8e46b2cecad99f48512eb95a7b4ea1ec86879958	True
systems/CIEL_FOUNDATIONS/whitepapers/README.md	README.md	91	91	aa42b4eb787913a7c6a95702eca89e5b7cb9fd8b	True
systems/CIEL_FOUNDATIONS/whitepapers/TEMPLATE.md	TEMPLATE.md	173	173	173ddc925dbf0282a700276bebab1183936effc2	True
systems/CIEL_FOUNDATIONS/whitepapers/constants/README.md	README.md	23	23	1bfb9f6756cce4b78984571ca1e64da31ec0c82c	True
systems/CIEL_FOUNDATIONS/whitepapers/modules/README.md	README.md	21	21	3fb2dedf1834b9bb88c25fb6108d2173c842e4db	True
systems/CIEL_FOUNDATIONS/whitepapers/sectors/README.md	README.md	21	21	c2a36373bc5571ec7aad67a0c4e92b4e93e555dc	True
systems/CIEL_FOUNDATIONS/tests/falsification/README.md	README.md	77	77	9d0629f3b9368b106e0a9264c6092e2378227c70	True
systems/CIEL_FOUNDATIONS/tests/numeric/README.md	README.md	77	77	9d0629f3b9368b106e0a9264c6092e2378227c70	True
systems/CIEL_FOUNDATIONS/tests/regression/README.md	README.md	77	77	9d0629f3b9368b106e0a9264c6092e2378227c70	True
systems/CIEL_FOUNDATIONS/tests/symbolic/README.md	README.md	77	77	9d0629f3b9368b106e0a9264c6092e2378227c70	True
systems/CIEL_FOUNDATIONS/src/ciel_foundations/__init__.py	__init__.py	32	32	55b88e45d5a53ab6526d2647e77925cac9fa5d26	True
systems/CIEL_FOUNDATIONS/src/ciel_foundations/bloch/README.md	README.md	76	76	84f42fec0903d1515f81d656fe6774e90be6594e	True
systems/CIEL_FOUNDATIONS/src/ciel_foundations/bloch/__init__.py	__init__.py	20	20	d6d303edc6169d27790c4b56d7fd22e368757378	True
systems/CIEL_FOUNDATIONS/src/ciel_foundations/closure/README.md	README.md	58	58	7a2752801dcb73cf4d4d11ed51ea35a94438ea4b	True
systems/CIEL_FOUNDATIONS/src/ciel_foundations/closure/__init__.py	__init__.py	22	22	957f82e7a5d98e0c335769df79356c470b77bfbe	True
systems/CIEL_FOUNDATIONS/src/ciel_foundations/genesis/README.md	README.md	72	72	5f945d2fe09cb41b47fdab5345f4fcd11d14061d	True
systems/CIEL_FOUNDATIONS/src/ciel_foundations/genesis/__init__.py	__init__.py	22	22	4830563b6576977376d06950421ae3625c009880	True
systems/CIEL_FOUNDATIONS/src/ciel_foundations/holonomy/README.md	README.md	75	75	351a32a2624f282f02fc13ff78a0b3818609fe53	True
systems/CIEL_FOUNDATIONS/src/ciel_foundations/holonomy/__init__.py	__init__.py	23	23	1f1f3fd8ca1dc5b7468b09d15a117448b58ffe15	True
systems/CIEL_FOUNDATIONS/src/ciel_foundations/initial_conditions/README.md	README.md	89	89	68b85881d2874fe6321f37d7806dd18acaf9b445	True
systems/CIEL_FOUNDATIONS/src/ciel_foundations/initial_conditions/__init__.py	__init__.py	33	33	8530c8f1baf708e730bcfc0602f9cc6a9e1da4f9	True
systems/CIEL_FOUNDATIONS/src/ciel_foundations/initial_conditions/model.py	model.py	175	175	8dd618c63c1d8b244a99fa053e54a9ef4a468053	True
systems/CIEL_FOUNDATIONS/src/ciel_foundations/tau_solver/README.md	README.md	70	70	053cbd276b8b2ce1256195d0de7c9c2fe4ce26f1	True
systems/CIEL_FOUNDATIONS/src/ciel_foundations/tau_solver/__init__.py	__init__.py	25	25	890a492c3d2ea1daec66166c7de46d400105f1ec	True
systems/CIEL_FOUNDATIONS/sectors/cosmology/README.md	README.md	147	147	b7cf56a01515564395309397dfb9567254911048	True
systems/CIEL_FOUNDATIONS/sectors/hadron/README.md	README.md	141	141	2549ef573fef7d126341409c3932033f0c06f531	True
systems/CIEL_FOUNDATIONS/sectors/lepton/README.md	README.md	141	141	55fb8b54ab609d31fb841f7a8b81a4cead6b7fc6	True
systems/CIEL_FOUNDATIONS/sectors/neutrino/README.md	README.md	145	145	c858ae2294febb526b9f086bdea2823cf031e08f	True
systems/CIEL_FOUNDATIONS/sectors/quark/README.md	README.md	139	139	dbcff8f9bd8eac372ed82434d64a4622c7a9c643	True
systems/CIEL_FOUNDATIONS/provenance/datasets/README.md	README.md	38	38	fa272ab1c5cdc85bbd7e00b3327601c8a3998837	True
systems/CIEL_FOUNDATIONS/provenance/runs/README.md	README.md	40	40	21b7f6792a19871b3b7e39530894723bcc7286f3	True
systems/CIEL_FOUNDATIONS/operational_modes/modes/collatz_cymatic_operator.md	collatz_cymatic_operator.md	347	347	11294adff56ce885de5791ec8aa6379961b8da8c	True
systems/CIEL_FOUNDATIONS/operational_modes/modes/heisenberg_nan_horizon.md	heisenberg_nan_horizon.md	401	401	280f2ee1901c66ecd79295bf4bf9d4e26ab05406	True
systems/CIEL_FOUNDATIONS/operational_modes/modes/zeta_topological_safeguard.md	zeta_topological_safeguard.md	326	326	f628667df6136a8851239a23767f8a5cddf66a39	True
systems/CIEL_FOUNDATIONS/operational_modes/templates/mode_template.md	mode_template.md	190	190	8b99d1f09100f1947ff38d4374f2fe894322e3dd	True
systems/CIEL_FOUNDATIONS/interpretations/limits/README.md	README.md	24	24	3b437b967499eecf03334920ab8f9b2dd9692afe	True
systems/CIEL_FOUNDATIONS/interpretations/ontology/README.md	README.md	27	27	a23d3b138446d0e596a46ab660c035cf8c4d2db9	True
systems/CIEL_FOUNDATIONS/interpretations/physics/README.md	README.md	26	26	bc9a1d48ee21d77fa3d06b645011a3002d8e4468	True
systems/CIEL_FOUNDATIONS/environments/lock/README.md	README.md	22	22	aea402ffca5c2a6124b922149fe792b04eb077f9	True
systems/CIEL_FOUNDATIONS/constants/I0/README.md	README.md	132	132	6bdadbd56f277664f8213c6d166b70fd63b52557	True
systems/CIEL_FOUNDATIONS/constants/I0/code.py	code.py	41	41	809ed2ae95d9c3305b4fc194c4865f82028ceff1	True
systems/CIEL_FOUNDATIONS/constants/I0/derivation.md	derivation.md	84	84	e5a0369bc6a728f1b0bd3e819a224ff36c2f084d	True
systems/CIEL_FOUNDATIONS/constants/I0/interpretation.md	interpretation.md	79	79	953797ca5dd4a1df1b99f9bf7354b33d96dd8fb7	True
systems/CIEL_FOUNDATIONS/constants/I0/tests.py	tests.py	42	42	aba5ca283a6e71d3cef3ff466061934bae48e3eb	True
systems/CIEL_FOUNDATIONS/constants/Lambda0/README.md	README.md	142	142	819bc7698bcdb3fa82f2371125ad5401b28c3180	True
systems/CIEL_FOUNDATIONS/constants/Lambda0/code.py	code.py	46	46	8af7a2de9df301855531636b9a2863d5c6931e33	True
systems/CIEL_FOUNDATIONS/constants/Lambda0/derivation.md	derivation.md	89	89	76c695c3661af17d8598150a9a07db7aa7c4f406	True
systems/CIEL_FOUNDATIONS/constants/Lambda0/interpretation.md	interpretation.md	84	84	2982607ac170fcea7c8c11a1c59f95f62003f831	True
systems/CIEL_FOUNDATIONS/constants/Lambda0/tests.py	tests.py	47	47	c704daae9006023e130e34fd43d2abdbafa7cf33	True
systems/CIEL_FOUNDATIONS/constants/kappa/README.md	README.md	138	138	a07ae3e6ba0944614dd2ad1cec4e32e5bb8f9a92	True
systems/CIEL_FOUNDATIONS/constants/kappa/code.py	code.py	44	44	13f3501239d3e326519fe7dc9afbb4ae09bae45f	True
systems/CIEL_FOUNDATIONS/constants/kappa/derivation.md	derivation.md	87	87	d132303ba30c2cf836ab8f49c1b8386a9c1f10f9	True
systems/CIEL_FOUNDATIONS/constants/kappa/interpretation.md	interpretation.md	82	82	4f05bfa51549ace2638b493df0f61a3927e5d205	True
systems/CIEL_FOUNDATIONS/constants/kappa/tests.py	tests.py	45	45	211ef093d9d57f78de13cec68990de831f10c116	True
systems/CIEL_FOUNDATIONS/constants/tau/README.md	README.md	134	134	ab0e11201e9ac516f114470fabf14a7037b8f077	True
systems/CIEL_FOUNDATIONS/constants/tau/code.py	code.py	42	42	be5d157300c2e7832ae24011e17378d79b07166a	True
systems/CIEL_FOUNDATIONS/constants/tau/derivation.md	derivation.md	85	85	a91c4f18812a8ae6a17233ccd8526f410c61d2bc	True
systems/CIEL_FOUNDATIONS/constants/tau/interpretation.md	interpretation.md	80	80	a629c7655c1632ca89babd97d02f1b805a166fa4	True
systems/CIEL_FOUNDATIONS/constants/tau/tests.py	tests.py	43	43	fc20cc559b728582b0df7a941d08bcd775ebae5e	True
systems/CIEL_FOUNDATIONS/assumptions/templates/assumption_template.yaml	assumption_template.yaml	189	189	d706d74b3f1b1424b670f54bb2250146862d3826	True
systems/CIEL_FOUNDATIONS/archive/notebooks_quarantine/README.md	README.md	69	69	5a1c5a1b64d8a4cb77119cc3f64c5b1b31dfb002	True
systems/CIEL_FOUNDATIONS/Simulations/code/README.md	README.md	58	58	70c5865c3e6c51908ca7cf9f33797e73e2073991	True
systems/CIEL_FOUNDATIONS/Simulations/results/README.md	README.md	63	63	9c5a145146c4dd1f4e44c3fa803dd3f454bd2bb2	True
systems/CIEL_FOUNDATIONS/LaTeX/macros/README.md	README.md	29	29	2580294678c2786b2e02e589ba144211b1f40452	True
systems/CIEL_FOUNDATIONS/LaTeX/papers/README.md	README.md	26	26	0ebec97a8c9d87e3ce525477947046bca87cac6c	True
systems/CIEL_FOUNDATIONS/LaTeX/sections/SECTION_INDEX.md	SECTION_INDEX.md	103	103	49f51fa5686302503d217e00cf835ff50eb5c38a	True
systems/CIEL_FOUNDATIONS/LaTeX/tables/README.md	README.md	25	25	bb7db356200e81db49a4c31779b365fd8f540f79	True
systems/CIEL_OMEGA_VOCABULARY_REFERENCE/vocabulary/README.md	README.md	6233	6049	d00ee2536ca8b80168d98f646da4db15bbdfba9a	True
systems/CIEL_OMEGA_VOCABULARY_REFERENCE/vocabulary/test_gguf_pipeline.py	test_gguf_pipeline.py	12256	12168	2fb1ed2c4afae3dfcce8a3019ffd533e11f5a422	True
systems/CIEL_OMEGA_VOCABULARY_REFERENCE/vocabulary/orchestrator.py	orchestrator.py	16872	16848	8a384dcd5f6e0e1b5c96170afe085fea6c91676b	True
systems/CIEL_OMEGA_VOCABULARY_REFERENCE/vocabulary/planetary_archetypes.py	planetary_archetypes.py	8523	8475	6072acf92b042f3ab0d78d6d44d06a1b13003a2c	True
systems/CIEL_OMEGA_VOCABULARY_REFERENCE/vocabulary/field_dynamics.py	field_dynamics.py	12223	12136	fec7ba6f8072f091dec5f6cd95f86d7b75f39c1a	True
systems/CIEL_OMEGA_VOCABULARY_REFERENCE/vocabulary/core_concepts.py	core_concepts.py	22345	22166	2248742eaef232717d6297ae51c9fc66a0815ceb	True
systems/CIEL_OMEGA_VOCABULARY_REFERENCE/vocabulary/demo_core_concepts.py	demo_core_concepts.py	7990	7924	98f6faa531df119aaa01831e9e5163bfa6cde806	True
systems/CIEL_OMEGA_VOCABULARY_REFERENCE/vocabulary/extended_concepts.py	extended_concepts.py	8453	8445	63a756a5c53f1da9876bc30c0c64e6e9fbe96268	True
systems/CIEL_OMEGA_VOCABULARY_REFERENCE/vocabulary/transcendent.py	transcendent.py	9504	9483	57c7eef2fed7cd852b55fe7852ed6c2b28bcdc55	True
systems/CIEL_OMEGA_VOCABULARY_REFERENCE/vocabulary/__init__.py	__init__.py	2319	2317	4c0192faaf9e22f0ba8e27a98f1aabb16938e114	True
systems/CIEL_OMEGA_VOCABULARY_REFERENCE/vocabulary/COMPLETE_DOCUMENTATION.md	COMPLETE_DOCUMENTATION.md	9731	9535	478ea7acb6488207cdded0078ab1792c79cf6205	True
systems/CIEL_OMEGA_VOCABULARY_REFERENCE/vocabulary/test_comprehensive.py	test_comprehensive.py	9111	9031	b6ba6ad81e6655ff2af71767fd78483049b96460	True
systems/CIEL_OMEGA_MEMORY_REFERENCE_v3.1.7/memory/__init__.py	__init__.py	3957	3956	23c78fcdf6b3fe14911cfcaf9f7357ed1ab2ee57	True
systems/CIEL_OMEGA_MEMORY_REFERENCE_v3.1.7/memory/affective_memory.py	affective_memory.py	16193	16192	72a6d90ba7299b7f51488f71c5e041ba91a0a3e6	True
systems/CIEL_OMEGA_MEMORY_REFERENCE_v3.1.7/memory/affective_types.py	affective_types.py	2976	2975	5ede2d05d169a46544adbc87793436aee0bb450c	True
systems/CIEL_OMEGA_MEMORY_REFERENCE_v3.1.7/memory/audit_journal.py	audit_journal.py	12610	12609	ea8307ce70de8f393342d0ef06777386cef8bfce	True
systems/CIEL_OMEGA_MEMORY_REFERENCE_v3.1.7/memory/base.py	base.py	9278	9254	6b2dda5ad4569eda4b155eb5f378b4525edfd461	True
systems/CIEL_OMEGA_MEMORY_REFERENCE_v3.1.7/memory/braid_invariant.py	braid_invariant.py	10000	9986	392d2af8a1ebeb86ef9648a6982a16086715d5da	True
systems/CIEL_OMEGA_MEMORY_REFERENCE_v3.1.7/memory/coupling.py	coupling.py	12350	12285	c110a0a5ef9889b574c3b60b2f4f6a1480168fdd	True
systems/CIEL_OMEGA_MEMORY_REFERENCE_v3.1.7/memory/dynamics.py	dynamics.py	13974	13954	0a36a5338fe3f9a534ae06754b074df6a11b3a3e	True
systems/CIEL_OMEGA_MEMORY_REFERENCE_v3.1.7/memory/episodic.py	episodic.py	12261	12257	6cc8e009913703464885034d688d10f52df53b16	True
systems/CIEL_OMEGA_MEMORY_REFERENCE_v3.1.7/memory/holonomy.py	holonomy.py	12033	11904	c2e1efec32e0d095251e3ac43d08e065b9cc4290	True
systems/CIEL_OMEGA_MEMORY_REFERENCE_v3.1.7/memory/identity_memory.py	identity_memory.py	17902	17889	f3943d98ad2c30a7c85aa6517e301ca5246a2746	True
systems/CIEL_OMEGA_MEMORY_REFERENCE_v3.1.7/memory/identity_types.py	identity_types.py	6532	6518	64bafdbf8ae81ba9b26cb674bd6ed3e030611a52	True
systems/CIEL_OMEGA_MEMORY_REFERENCE_v3.1.7/memory/long_term.py	long_term.py	1715	1712	7dd1e1d6e421d973f2550690c460775c663dd31f	True
systems/CIEL_OMEGA_MEMORY_REFERENCE_v3.1.7/memory/memory_log.py	memory_log.py	1369	1368	14ce7cf91b0b673f26b4959eaf56de55860215c1	True
systems/CIEL_OMEGA_MEMORY_REFERENCE_v3.1.7/memory/orchestrator.py	orchestrator.py	17533	17532	c315cb08dd343d78e509af75d8bf61549aa0a126	True
systems/CIEL_OMEGA_MEMORY_REFERENCE_v3.1.7/memory/orchestrator_types.py	orchestrator_types.py	1520	1519	df7b8f5e3e94a68cf7b40f7e691015c450a200c4	True
systems/CIEL_OMEGA_MEMORY_REFERENCE_v3.1.7/memory/perceptual_memory.py	perceptual_memory.py	9497	9496	0da4c0e83aa09582da68beaeb5c58b6684f3ed4e	True
systems/CIEL_OMEGA_MEMORY_REFERENCE_v3.1.7/memory/perceptual_types.py	perceptual_types.py	1537	1536	0e7c5f5a18ae43a5dc6e08ffb0d39308d84d4283	True
systems/CIEL_OMEGA_MEMORY_REFERENCE_v3.1.7/memory/potential.py	potential.py	17256	17191	ab9bda23b8ae819fadb8b33809410b0cfb9f6b95	True
systems/CIEL_OMEGA_MEMORY_REFERENCE_v3.1.7/memory/procedural_memory.py	procedural_memory.py	14702	14701	b43e0c5e2e7ade280fb9d73dd157ff4eaf3ccd1a	True
systems/CIEL_OMEGA_MEMORY_REFERENCE_v3.1.7/memory/procedural_types.py	procedural_types.py	2851	2850	773e2ca52bcb3babb40dd4be6be72543e4bba272	True
systems/CIEL_OMEGA_MEMORY_REFERENCE_v3.1.7/memory/semantic_memory.py	semantic_memory.py	13230	13229	be2d3161ab99fc0ed7fe162bdeb569bbdab03976	True
systems/CIEL_OMEGA_MEMORY_REFERENCE_v3.1.7/memory/semantic_types.py	semantic_types.py	2710	2709	fc9fbe6df86761cc786f817f46c999eb51e4d7e7	True
systems/CIEL_OMEGA_MEMORY_REFERENCE_v3.1.7/memory/synchronizer.py	synchronizer.py	700	692	897cb1b37fd914959ae5919c2374d78a9550b29d	True
systems/CIEL_OMEGA_MEMORY_REFERENCE_v3.1.7/memory/working_memory.py	working_memory.py	9430	9429	b5d7d7e217867924e0ce4871b0d040af7e30bed1	True
systems/CIEL_OMEGA_MEMORY_REFERENCE_v3.1.7/memory/working_types.py	working_types.py	1386	1385	d17743eea8879a0c1345e82407901c5514099485	True
systems/CIEL_OMEGA_MEMORY_REFERENCE_v3.1.7/TODO/experimental/README.md	README.md	536	536	3de2944ce82cbd607efdfaf09514150f02d1ac29	True
systems/CIEL_OMEGA_MEMORY_REFERENCE_v3.1.7/TODO/experimental/introspective_state_demo.py	introspective_state_demo.py	4411	4409	373bd72c9741b5a27e333443eafd44aac96ea2a0	True
systems/CIEL_OMEGA_MEMORY_REFERENCE_v3.1.7/TODO/vocabulary/COMPLETE_DOCUMENTATION.md	COMPLETE_DOCUMENTATION.md	9731	9535	478ea7acb6488207cdded0078ab1792c79cf6205	True
systems/CIEL_OMEGA_MEMORY_REFERENCE_v3.1.7/TODO/vocabulary/README.md	README.md	6233	6049	d00ee2536ca8b80168d98f646da4db15bbdfba9a	True
systems/CIEL_OMEGA_MEMORY_REFERENCE_v3.1.7/TODO/vocabulary/__init__.py	__init__.py	2319	2317	4c0192faaf9e22f0ba8e27a98f1aabb16938e114	True
systems/CIEL_OMEGA_MEMORY_REFERENCE_v3.1.7/TODO/vocabulary/core_concepts.py	core_concepts.py	22345	22166	2248742eaef232717d6297ae51c9fc66a0815ceb	True
systems/CIEL_OMEGA_MEMORY_REFERENCE_v3.1.7/TODO/vocabulary/demo_core_concepts.py	demo_core_concepts.py	7990	7924	98f6faa531df119aaa01831e9e5163bfa6cde806	True
systems/CIEL_OMEGA_MEMORY_REFERENCE_v3.1.7/TODO/vocabulary/extended_concepts.py	extended_concepts.py	8453	8445	63a756a5c53f1da9876bc30c0c64e6e9fbe96268	True
systems/CIEL_OMEGA_MEMORY_REFERENCE_v3.1.7/TODO/vocabulary/field_dynamics.py	field_dynamics.py	12223	12136	fec7ba6f8072f091dec5f6cd95f86d7b75f39c1a	True
systems/CIEL_OMEGA_MEMORY_REFERENCE_v3.1.7/TODO/vocabulary/orchestrator.py	orchestrator.py	16872	16848	8a384dcd5f6e0e1b5c96170afe085fea6c91676b	True
systems/CIEL_OMEGA_MEMORY_REFERENCE_v3.1.7/TODO/vocabulary/planetary_archetypes.py	planetary_archetypes.py	8523	8475	6072acf92b042f3ab0d78d6d44d06a1b13003a2c	True
systems/CIEL_OMEGA_MEMORY_REFERENCE_v3.1.7/TODO/vocabulary/test_comprehensive.py	test_comprehensive.py	9111	9031	b6ba6ad81e6655ff2af71767fd78483049b96460	True
systems/CIEL_OMEGA_MEMORY_REFERENCE_v3.1.7/TODO/vocabulary/test_gguf_pipeline.py	test_gguf_pipeline.py	12256	12168	2fb1ed2c4afae3dfcce8a3019ffd533e11f5a422	True
systems/CIEL_OMEGA_MEMORY_REFERENCE_v3.1.7/TODO/vocabulary/transcendent.py	transcendent.py	9504	9483	57c7eef2fed7cd852b55fe7852ed6c2b28bcdc55	True
systems/CIEL_OMEGA_MEMORY_REFERENCE_v3.1.7/TODO/experimental/geometry_holonomy_monolith/README.md	README.md	262	261	37abf84ea7dacb7f6b903e60e2ed1f900a0db5f1	True
systems/CIEL_OMEGA_MEMORY_REFERENCE_v3.1.7/TODO/experimental/geometry_holonomy_monolith/unified_reality_kernel_v7.py	unified_reality_kernel_v7.py	16154	16146	a19cdacb1520c59db0fce5f40cc3af94b7b1ea5c	True
systems/CIEL_OMEGA_COMPLETE_SYSTEM/ciel_omega/README_old.md	README_old.md	8921	8054	8aa7d7970a6a489694884e7126d635d4decb9bd8	True
systems/CIEL_OMEGA_COMPLETE_SYSTEM/ciel_omega/ciel_client.py	ciel_client.py	5653	5617	09704dc0edcb7e597c9778c71a865ec8efc430b5	True
systems/CIEL_OMEGA_COMPLETE_SYSTEM/ciel_omega/phase_sweep_analysis.py	phase_sweep_analysis.py	9407	8162	18bf95cf376a47d443bf3ec6df8b81b57747feda	True
systems/CIEL_OMEGA_COMPLETE_SYSTEM/ciel_omega/conftest.py	conftest.py	238	238	733255c8488e1aa4bebb5b7b412c5f8ef74016b0	True
systems/CIEL_OMEGA_COMPLETE_SYSTEM/ciel_omega/ciel_orchestrator.py	ciel_orchestrator.py	7568	7501	5669c77c75b2bae9743aa043d99e1e054a03c2ef	True
systems/CIEL_OMEGA_COMPLETE_SYSTEM/ciel_omega/LICENSE	LICENSE	5137		8f359270f2184fa886847c9f41eeff71ec48e31e	False
systems/CIEL_OMEGA_COMPLETE_SYSTEM/ciel_omega/holonomy_cosmic_seismic.py	holonomy_cosmic_seismic.py	20166	20145	c7271d95b915b74f8066b3d3b2354e14fb792a30	True
systems/CIEL_OMEGA_COMPLETE_SYSTEM/ciel_omega/setup.py	setup.py	677	671	ef90e02028fa02e0cd572059db96ee936200dd40	True
systems/CIEL_OMEGA_COMPLETE_SYSTEM/ciel_omega/requirements.txt	requirements.txt	472	471	83b2e2eb643f61a73c79c79d7f3f15fd97bc791b	True
systems/CIEL_OMEGA_COMPLETE_SYSTEM/ciel_omega/relational_formalism.py	relational_formalism.py	18337	15242	3ba4c3fe6becbd4a06d4467423397eff8f012b7f	True
systems/CIEL_OMEGA_COMPLETE_SYSTEM/ciel_omega/monolit.py	monolit.py	12176	12123	ae1be24e10fd91b6cda881e4b8af82bc2f6beee5	True
systems/CIEL_OMEGA_COMPLETE_SYSTEM/ciel_omega/phase_equation_of_motion.py	phase_equation_of_motion.py	35749	31449	dec57a18c91d77f92fd3cb45a2c4ea72213597f3	True
systems/CIEL_OMEGA_COMPLETE_SYSTEM/ciel_omega/HOW_AI_WORKS_WITH_CIEL.md	HOW_AI_WORKS_WITH_CIEL.md	14292	11277	14b4ad29d8ce3614f45a53ffb17702dd7b6335a3	True
systems/CIEL_OMEGA_COMPLETE_SYSTEM/ciel_omega/__init__.py	__init__.py	289	286	97b951d88c6eab9ff1b1ec009f534e797d2d3fcf	True
systems/CIEL_OMEGA_COMPLETE_SYSTEM/ciel_omega/coriolis_cymatics.py	coriolis_cymatics.py	17184	15403	3740946e91869e025429c9c1367fa6d7c38a9654	True
systems/CIEL_OMEGA_COMPLETE_SYSTEM/ciel_omega/MEMORY_SECTOR_MANIFEST.md	MEMORY_SECTOR_MANIFEST.md	1030	1030	b344d1b15019734c0c07efec2b85f8df0e7beb17	True
systems/CIEL_OMEGA_COMPLETE_SYSTEM/ciel_omega/README.md	README.md	4463	4314	c9882a01490151bf24f1705384190c67604c77e7	True
systems/CIEL_OMEGA_COMPLETE_SYSTEM/ciel_omega/demo_ciel_omega_complete.py	demo_ciel_omega_complete.py	18268	18120	488fbba8bff993e1a1f90e2a3b88568623a92af1	True
systems/CIEL_OMEGA_COMPLETE_SYSTEM/ciel_omega/demo_full_pipeline.py	demo_full_pipeline.py	25322	22424	e6c56785735576e2b4854fc505e67649de803732	True
systems/CIEL_OMEGA_COMPLETE_SYSTEM/ciel_omega/demo_holonomic_orchestrator.py	demo_holonomic_orchestrator.py	3236	3236	fe03d1c7535b951f2f57a079f58b6d8f9a063168	True
systems/CIEL_OMEGA_COMPLETE_SYSTEM/ciel_omega/demo_holonomy_eba.py	demo_holonomy_eba.py	11867	11726	89b2f58719c589c38dce8efa027e08fca2e49a6c	True
systems/CIEL_OMEGA_COMPLETE_SYSTEM/ciel_omega/demo_m0_perceptual_memory.py	demo_m0_perceptual_memory.py	1575	1574	401c3616cee2a5060ba003c3affdde88245d532f	True
systems/CIEL_OMEGA_COMPLETE_SYSTEM/ciel_omega/demo_m1_working_memory.py	demo_m1_working_memory.py	1388	1382	a25591c6e0fd6a36b9539b1a99c4de91550f5eaa	True
systems/CIEL_OMEGA_COMPLETE_SYSTEM/ciel_omega/demo_m3_semantic_memory.py	demo_m3_semantic_memory.py	2932	2931	77f49c7a9511780423232233b1aea803c406a64a	True
systems/CIEL_OMEGA_COMPLETE_SYSTEM/ciel_omega/demo_m4_procedural_memory.py	demo_m4_procedural_memory.py	2411	2410	9613def01de6d19c0ff2affe4bd49611db372952	True
systems/CIEL_OMEGA_COMPLETE_SYSTEM/ciel_omega/demo_m5_affective_memory.py	demo_m5_affective_memory.py	2367	2367	e2cc0ec1e40771eb768b4214fd140e84930f8dab	True
systems/CIEL_OMEGA_COMPLETE_SYSTEM/ciel_omega/demo_m6_identity_memory.py	demo_m6_identity_memory.py	10966	10916	df6b8fd76524a13fdcf6903ec2ec83e84313c3b9	True
systems/CIEL_OMEGA_COMPLETE_SYSTEM/ciel_omega/demo_memory_system.py	demo_memory_system.py	13067	13033	8755e7ea9e64de1101dd14be4e632a1d668d80ad	True
systems/CIEL_OMEGA_COMPLETE_SYSTEM/ciel_omega/demo_validation_fixes.py	demo_validation_fixes.py	10250	10155	849985da385cc31a2fe9804e8b81fba1439a11b3	True
systems/CIEL_OMEGA_COMPLETE_SYSTEM/ciel_omega/test_affective_memory.py	test_affective_memory.py	3397	3396	03274c54c1280fc340e37c6941d4a0924ec74733	True
systems/CIEL_OMEGA_COMPLETE_SYSTEM/ciel_omega/test_affective_memory_consolidation.py	test_affective_memory_consolidation.py	2839	2838	6577a9021ee3723e27af7b5eb04c93831bdaa61a	True
systems/CIEL_OMEGA_COMPLETE_SYSTEM/ciel_omega/test_alignment_strengthening.py	test_alignment_strengthening.py	3245	3225	190ac7aea28ae3153e8e287bd33abe5992223b0a	True
systems/CIEL_OMEGA_COMPLETE_SYSTEM/ciel_omega/test_defect_minimization.py	test_defect_minimization.py	2465	2458	a294df1e60f63f17472879bfdda5fe2d849d3ae7	True
systems/CIEL_OMEGA_COMPLETE_SYSTEM/ciel_omega/test_grid_stability.py	test_grid_stability.py	4211	4191	a4850f6b23bf3e39edbaa2c4b3ba7d28fcb24f0c	True
systems/CIEL_OMEGA_COMPLETE_SYSTEM/ciel_omega/test_holonomic_orchestrator.py	test_holonomic_orchestrator.py	2442	2442	5111aa3af9d4c725e58c7c064dddc455671dc61c	True
systems/CIEL_OMEGA_COMPLETE_SYSTEM/ciel_omega/test_m6_1_acceptance.py	test_m6_1_acceptance.py	13159	13102	950af02ffae3f6200d46437ffb67dc2d1e03411c	True
systems/CIEL_OMEGA_COMPLETE_SYSTEM/ciel_omega/test_memory_sector_integration.py	test_memory_sector_integration.py	2794	2794	091fad762725e6122df27ec68ec02133655e30ce	True
systems/CIEL_OMEGA_COMPLETE_SYSTEM/ciel_omega/test_perceptual_memory.py	test_perceptual_memory.py	3116	3115	eee015f249b6d41564f8416746fbbaa9c910540e	True
systems/CIEL_OMEGA_COMPLETE_SYSTEM/ciel_omega/test_perceptual_memory_consolidation.py	test_perceptual_memory_consolidation.py	2242	2241	4e8a01a5308f4c972ba5860de5e35e61e562be9c	True
systems/CIEL_OMEGA_COMPLETE_SYSTEM/ciel_omega/test_procedural_memory.py	test_procedural_memory.py	4200	4199	e8963e336c12ebed3612a755e79075fbf11dde73	True
systems/CIEL_OMEGA_COMPLETE_SYSTEM/ciel_omega/test_procedural_memory_consolidation.py	test_procedural_memory_consolidation.py	2715	2714	8de019aa58a742b4fea1ea91b61c9a65200d43bb	True
systems/CIEL_OMEGA_COMPLETE_SYSTEM/ciel_omega/test_semantic_memory.py	test_semantic_memory.py	4397	4396	0e307ba15f83a8ec8b9b2284da50d47f71427d58	True
systems/CIEL_OMEGA_COMPLETE_SYSTEM/ciel_omega/test_semantic_memory_consolidation.py	test_semantic_memory_consolidation.py	2746	2745	fa2f663c94cb241628c0ec328102300c30b18b2e	True
systems/CIEL_OMEGA_COMPLETE_SYSTEM/ciel_omega/test_working_memory.py	test_working_memory.py	3285	3284	e331a22e847a0a06ca854595ddb271e2f80d768e	True
systems/CIEL_OMEGA_COMPLETE_SYSTEM/ciel_omega/test_working_memory_consolidation.py	test_working_memory_consolidation.py	2188	2187	ee7a52d71877b05ff33f09afcb395de554082e34	True
systems/CIEL_OMEGA_COMPLETE_SYSTEM/ciel_omega/unified_system.py	unified_system.py	1610	1609	0c4e86f217830270b235351fb598ad593a9f90ed	True
systems/CIEL_OMEGA_COMPLETE_SYSTEM/ciel_omega/demo_unified_euler.py	demo_unified_euler.py	648	648	6b8faa7dcd25f1f542d8f3e412fc1a581856016d	True
systems/CIEL_OMEGA_COMPLETE_SYSTEM/ciel_omega/vocabulary.yaml	vocabulary.yaml	21391	21390	1899414ab9bd4d16ccc07563e1c1a9a9c9b45b66	True
systems/CIEL_OMEGA_COMPLETE_SYSTEM/ciel_omega/demo_vocabulary_resolve.py	demo_vocabulary_resolve.py	867	867	d8b42afb85d1d46833416b37f0302704af9954c8	True
systems/CIEL_OMEGA_COMPLETE_SYSTEM/configs/rules_immutable.json	rules_immutable.json	150	150	a03dd081b8f052a2c870a90bfa0a39a5e11510ac	True
systems/CIEL_OMEGA_COMPLETE_SYSTEM/configs/heuristics_user.json	heuristics_user.json	255	255	0fc02fccf6d53c93d395fb2da6c6b89435a33ae4	True
systems/CIEL_OMEGA_COMPLETE_SYSTEM/configs/heuristics_self.json	heuristics_self.json	221	221	396d76b8964c6b8d364fb68d0c1ef89f0984e59e	True
systems/CIEL_OMEGA_COMPLETE_SYSTEM/CIEL_MEMORY_SYSTEM/WPM/wave_snapshots/wave_archive.h5	wave_archive.h5	1832		725cc20c041e0bb06cd5bb0c8afc10e5cee32031	False
systems/CIEL_OMEGA_COMPLETE_SYSTEM/CIEL_MEMORY_SYSTEM/TSM/ledger/memory_ledger.db	memory_ledger.db	12288		f58e691ea5ed45c52146e76cc928d6f1ea9ceac3	False
systems/CIEL_OMEGA_COMPLETE_SYSTEM/ciel_omega/experiments/lab_registry.py	lab_registry.py	6124	6112	e3036690c4a98dafbfeb67296763d16ef8f8789e	True
systems/CIEL_OMEGA_COMPLETE_SYSTEM/ciel_omega/experiments/__init__.py	__init__.py	68	65	1404e938ed1c5cde4bafc2d715d0391ee286b129	True
systems/CIEL_OMEGA_COMPLETE_SYSTEM/ciel_omega/compute/gpu_engine.py	gpu_engine.py	2773	2766	e8781d4efcecbcbf6bb959b9a51f5b100d9407f5	True
systems/CIEL_OMEGA_COMPLETE_SYSTEM/ciel_omega/compute/__init__.py	__init__.py	121	118	c018bc5ca579777501f137b38be316c06c6582f2	True
systems/CIEL_OMEGA_COMPLETE_SYSTEM/ciel_omega/configs/heuristics_user.json	heuristics_user.json	255	255	0fc02fccf6d53c93d395fb2da6c6b89435a33ae4	True
systems/CIEL_OMEGA_COMPLETE_SYSTEM/ciel_omega/configs/rules_immutable.json	rules_immutable.json	150	150	a03dd081b8f052a2c870a90bfa0a39a5e11510ac	True
systems/CIEL_OMEGA_COMPLETE_SYSTEM/ciel_omega/configs/heuristics_self.json	heuristics_self.json	221	221	396d76b8964c6b8d364fb68d0c1ef89f0984e59e	True
systems/CIEL_OMEGA_COMPLETE_SYSTEM/ciel_omega/visualization/visual_core.py	visual_core.py	953	948	8cf3b7ea70864881ae09ccd6b27cffb0ad7ad9e1	True
systems/CIEL_OMEGA_COMPLETE_SYSTEM/ciel_omega/visualization/__init__.py	__init__.py	81	78	d152b0e8effc7e5b1e1ca9bb019d87a6b242f6cc	True
systems/CIEL_OMEGA_COMPLETE_SYSTEM/ciel_omega/visualization/color_map.py	color_map.py	1316	1311	d443c4befa06aaddd18a421c44812b53ddd2571a	True
systems/CIEL_OMEGA_COMPLETE_SYSTEM/ciel_omega/ciel_io/reality_logger.py	reality_logger.py	832	831	000c57898d713a3977916d74aabf20fe63229cd1	True
systems/CIEL_OMEGA_COMPLETE_SYSTEM/ciel_omega/ciel_io/simple_loader.py	simple_loader.py	1658	1657	bb29d346e38bc97f94397a8e2c61e8931516153a	True
systems/CIEL_OMEGA_COMPLETE_SYSTEM/ciel_omega/ciel_io/bootstrap.py	bootstrap.py	974	960	edd798dbe9c27e48522be365f3003f7f0c07a0d4	True
systems/CIEL_OMEGA_COMPLETE_SYSTEM/ciel_omega/ciel_io/__init__.py	__init__.py	130	127	278b49a2639306a64e8fd96a35445b91ffcff12f	True
systems/CIEL_OMEGA_COMPLETE_SYSTEM/ciel_omega/cognition/perception.py	perception.py	1076	1069	2f0d96ca5c5add06c4ffe0fa0178e03ec9b48d67	True
systems/CIEL_OMEGA_COMPLETE_SYSTEM/ciel_omega/cognition/intuition.py	intuition.py	1693	1692	8bceb4e39c80087fcedaacf8631b55a998eb0df3	True
systems/CIEL_OMEGA_COMPLETE_SYSTEM/ciel_omega/cognition/introspection.py	introspection.py	1032	1027	5a70ab6ce87b84d84b77e3b85f124eee5bce25c0	True
systems/CIEL_OMEGA_COMPLETE_SYSTEM/ciel_omega/cognition/dissociation.py	dissociation.py	1666	1661	efb5e252854e7c720c02078e016b0d6b806e3f93	True
systems/CIEL_OMEGA_COMPLETE_SYSTEM/ciel_omega/cognition/orchestrator.py	orchestrator.py	2506	2497	4272e1bee04a55c32030dc72fec31a7eef0dffb9	True
systems/CIEL_OMEGA_COMPLETE_SYSTEM/ciel_omega/cognition/prediction.py	prediction.py	805	795	6f5b68eaabf8204ac26689ef92c7ac5f703408bc	True
systems/CIEL_OMEGA_COMPLETE_SYSTEM/ciel_omega/cognition/decision.py	decision.py	1106	1103	6117bc4422b5108137d9437e38c309e8ea898fca	True
systems/CIEL_OMEGA_COMPLETE_SYSTEM/ciel_omega/cognition/__init__.py	__init__.py	82	73	673ce63471efcfcc69a4fd548edbe3e6a151aa16	True
systems/CIEL_OMEGA_COMPLETE_SYSTEM/ciel_omega/bio/crystal_receiver.py	crystal_receiver.py	1136	1131	f8bcfbae8bccfe0b23e4b4447796c4fa9192ddd9	True
systems/CIEL_OMEGA_COMPLETE_SYSTEM/ciel_omega/bio/eeg_processor.py	eeg_processor.py	1458	1450	1ad3c8db3dc66761d2a98ca64dfa978c787e11d6	True
systems/CIEL_OMEGA_COMPLETE_SYSTEM/ciel_omega/bio/eeg_emotion_mapper.py	eeg_emotion_mapper.py	1524	1521	1a79ed203c9bb2266367b7970444b372379d67b9	True
systems/CIEL_OMEGA_COMPLETE_SYSTEM/ciel_omega/bio/schumann.py	schumann.py	1392	1387	27d3570ce5e188ff980e1e98f8ddd66bb667b549	True
systems/CIEL_OMEGA_COMPLETE_SYSTEM/ciel_omega/bio/__init__.py	__init__.py	81	78	89658a9e5f8ed2982fff71a98d5c331eac180d94	True
systems/CIEL_OMEGA_COMPLETE_SYSTEM/ciel_omega/ethics/ethics_guard.py	ethics_guard.py	1071	1066	c49b6f18ed2bc519908486180b6773380b46c041	True
systems/CIEL_OMEGA_COMPLETE_SYSTEM/ciel_omega/ethics/ethical_engine.py	ethical_engine.py	3222	3213	e7739846dc07a3fd15fbd940be8ecfaad4366c51	True
systems/CIEL_OMEGA_COMPLETE_SYSTEM/ciel_omega/ethics/__init__.py	__init__.py	72	69	ec9ff67cc1d63bcf2b86c071be84c626e7d377d2	True
systems/CIEL_OMEGA_COMPLETE_SYSTEM/ciel_omega/integration/information_flow.py	information_flow.py	2635	2608	c749b209f440aa3d554ad5bcef90fb189a407095	True
systems/CIEL_OMEGA_COMPLETE_SYSTEM/ciel_omega/integration/__init__.py	__init__.py	77	74	b3f5bec505adb0cd9e3a478e23aa062d24f26fb2	True
systems/CIEL_OMEGA_COMPLETE_SYSTEM/ciel_omega/ext/README.md	README.md	383	367	ac60d84a86ec6831760a3e21087efe98e4fbe628	True
systems/CIEL_OMEGA_COMPLETE_SYSTEM/ciel_omega/ext/ext6.py	ext6.py	8404	8257	4803250fb16086aea1e52c67dea451ae8fe55a1a	True
systems/CIEL_OMEGA_COMPLETE_SYSTEM/ciel_omega/ext/ext19.py	ext19.py	5764	5299	6764f67c1d2518111352dee060f47f48cedc2033	True
systems/CIEL_OMEGA_COMPLETE_SYSTEM/ciel_omega/ext/ext1.py	ext1.py	10949	10829	24a520b6e22fcec49b7ae9adfe20565b8c06e535	True
systems/CIEL_OMEGA_COMPLETE_SYSTEM/ciel_omega/ext/ext7.py	ext7.py	10155	10028	67be251475f5a20a734e68d277b907933af8a217	True
systems/CIEL_OMEGA_COMPLETE_SYSTEM/ciel_omega/ext/extemot.py	extemot.py	20071	18634	78fd63f305b84ad2bd580e19b3d47093ce9eaf09	True
systems/CIEL_OMEGA_COMPLETE_SYSTEM/ciel_omega/ext/ext9.py	ext9.py	10836	10703	df9f268fe88932986f42a2957bbc12a8b2942d42	True
systems/CIEL_OMEGA_COMPLETE_SYSTEM/ciel_omega/ext/ext10.py	ext10.py	11592	9627	be513162b4a90ec32d42f8feaba94581aa3755ae	True
systems/CIEL_OMEGA_COMPLETE_SYSTEM/ciel_omega/ext/ext8.py	ext8.py	7391	7287	bcdba693887476103795b35c16b8527458a9dcc2	True
systems/CIEL_OMEGA_COMPLETE_SYSTEM/ciel_omega/ext/ext4.py	ext4.py	5093	5002	c9aa2f3a61b853307f91ec27d5c32bff5aca22c9	True
systems/CIEL_OMEGA_COMPLETE_SYSTEM/ciel_omega/ext/ext18.py	ext18.py	17252	14370	472cf1c4f35401f3962472caeb5ef9a855b4f447	True
systems/CIEL_OMEGA_COMPLETE_SYSTEM/ciel_omega/ext/ext20.py	ext20.py	9986	9591	102fdfa806548643ae7c61ea5ca316bca7cbba21	True
systems/CIEL_OMEGA_COMPLETE_SYSTEM/ciel_omega/ext/extfwcku.py	extfwcku.py	1807	1806	28831ec30f2bd21656326bddd0bb15cf2336ccba	True
systems/CIEL_OMEGA_COMPLETE_SYSTEM/ciel_omega/ext/ext2.py	ext2.py	7529	7500	bc19b676bfaf18c3fea15d685104b6bce94ae16e	True
systems/CIEL_OMEGA_COMPLETE_SYSTEM/ciel_omega/ext/ext3.py	ext3.py	6688	6599	b323fbde57338426e1595a28db2753ca11baab89	True
systems/CIEL_OMEGA_COMPLETE_SYSTEM/ciel_omega/ext/ext5.py	ext5.py	8002	7849	8092f6d4797f67fe30fc938996b5f651ee86a31a	True
systems/CIEL_OMEGA_COMPLETE_SYSTEM/ciel_omega/ext/ext17.py	ext17.py	14162	11307	853670add6b47e2011c8005d6166d328c703ffd3	True
systems/CIEL_OMEGA_COMPLETE_SYSTEM/ciel_omega/ext/ext21.py	ext21.py	31850	31641	295fc9225acdde228058e69900b55503e0de9170	True
systems/CIEL_OMEGA_COMPLETE_SYSTEM/ciel_omega/resonance/multiresonance_tensor.py	multiresonance_tensor.py	1030	1029	e9a8be30bc29891e0a782bf57d478941e34e09b1	True
systems/CIEL_OMEGA_COMPLETE_SYSTEM/ciel_omega/resonance/resonance_parallel.py	resonance_parallel.py	1400	1397	00b854966f6d32338356fe8932b211231dd2c51d	True
systems/CIEL_OMEGA_COMPLETE_SYSTEM/ciel_omega/resonance/resonance_operator.py	resonance_operator.py	572	571	f1cf527e0588d40646ebf35551de6ffb113d6656	True
systems/CIEL_OMEGA_COMPLETE_SYSTEM/ciel_omega/resonance/__init__.py	__init__.py	248	245	455b22517ac496590995a52a01f15ba1b67b2e90	True
systems/CIEL_OMEGA_COMPLETE_SYSTEM/ciel_omega/symbolic/glyph_interpreter.py	glyph_interpreter.py	2764	2761	ae47a844b0abf27936fe4655ba77aa008eb99101	True
systems/CIEL_OMEGA_COMPLETE_SYSTEM/ciel_omega/symbolic/symbolic_bridge.py	symbolic_bridge.py	1356	1350	a48df372af5452d484d24084a18d7c94287dab83	True
systems/CIEL_OMEGA_COMPLETE_SYSTEM/ciel_omega/symbolic/glyph_dataset.py	glyph_dataset.py	2038	2037	d3a300ad1a2990d4d62eeaba252dcdbdf25bfe9d	True
systems/CIEL_OMEGA_COMPLETE_SYSTEM/ciel_omega/symbolic/glyph_pipeline.py	glyph_pipeline.py	1310	1304	a63488323f57d2d1632a283df78b5dac10d098b0	True
systems/CIEL_OMEGA_COMPLETE_SYSTEM/ciel_omega/symbolic/__init__.py	__init__.py	85	82	83bc0bc057196776d29ccc64f350a0f3c1b2c7ab	True
systems/CIEL_OMEGA_COMPLETE_SYSTEM/ciel_omega/runtime/controller.py	controller.py	1428	1427	52292d13d75d117d9f28fdd87a7f9280c93fa71a	True
systems/CIEL_OMEGA_COMPLETE_SYSTEM/ciel_omega/runtime/__init__.py	__init__.py	85	81	e5d5603ecd8709f655b0bb60babcfd51453d990b	True
systems/CIEL_OMEGA_COMPLETE_SYSTEM/ciel_omega/runtime/backend_adapter.py	backend_adapter.py	2251	2248	f04900d014bccd0ce00f41544a3768438007af7f	True
systems/CIEL_OMEGA_COMPLETE_SYSTEM/ciel_omega/config/reality_layers.py	reality_layers.py	2874	2846	1dd31a010644b4a629e736d18a70167bff658caf	True
systems/CIEL_OMEGA_COMPLETE_SYSTEM/ciel_omega/config/constants.py	constants.py	4825	4743	b64c8187c5ebf0cdd596c2bb658ffd154f8c690b	True
systems/CIEL_OMEGA_COMPLETE_SYSTEM/ciel_omega/config/ciel_config.py	ciel_config.py	1166	1159	b5a87cfdeca741d73f323ae6f481e529f2daa9f6	True
systems/CIEL_OMEGA_COMPLETE_SYSTEM/ciel_omega/config/__init__.py	__init__.py	575	574	d6c79aad8b9c7f9caec38d4b7ccb32e496379b21	True
systems/CIEL_OMEGA_COMPLETE_SYSTEM/ciel_omega/ciel_wave/__init__.py	__init__.py	237	234	99a8759606fc38ea68ea999332d66f099b5a4f1f	True
systems/CIEL_OMEGA_COMPLETE_SYSTEM/ciel_omega/ciel_wave/fourier_kernel.py	fourier_kernel.py	2809	2806	1c4cbbfd8f29833fb8d1668af788dd9d19275b08	True
systems/CIEL_OMEGA_COMPLETE_SYSTEM/ciel_omega/calibration/rcde.py	rcde.py	2872	2842	840867ebcca8748c67916649018f6b24b8cff974	True
systems/CIEL_OMEGA_COMPLETE_SYSTEM/ciel_omega/calibration/__init__.py	__init__.py	68	61	6b4b9e28201547a2a72c66edcffb293e09f08efc	True
systems/CIEL_OMEGA_COMPLETE_SYSTEM/ciel_omega/fields/soul_invariant.py	soul_invariant.py	2034	2003	4c009105f46829169beaafef98508c52c3c2d0b2	True
systems/CIEL_OMEGA_COMPLETE_SYSTEM/ciel_omega/fields/intention_field.py	intention_field.py	1708	1707	e7044b324fc696f60845112b699091054377e6fa	True
systems/CIEL_OMEGA_COMPLETE_SYSTEM/ciel_omega/fields/psych_field.py	psych_field.py	1387	1384	f24b40cf4b46c6eb4a8d53b2c8e294d8d0149980	True
systems/CIEL_OMEGA_COMPLETE_SYSTEM/ciel_omega/fields/unified_sigma_field.py	unified_sigma_field.py	1942	1934	b1f6f1780823077f91824a6623b5d1375f24e31d	True
systems/CIEL_OMEGA_COMPLETE_SYSTEM/ciel_omega/fields/sigma_series.py	sigma_series.py	1467	1444	6bd0a41ffc6099cc7e665bc4df1a14a91fa5d3e8	True
systems/CIEL_OMEGA_COMPLETE_SYSTEM/ciel_omega/fields/aether_field.py	aether_field.py	1180	1179	398d23c2fc35405a97abcbebc87fbf2e32c5c798	True
systems/CIEL_OMEGA_COMPLETE_SYSTEM/ciel_omega/fields/__init__.py	__init__.py	269	265	be1d7ff058dd8ec9ed4c2768f7639bae167065ef	True
systems/CIEL_OMEGA_COMPLETE_SYSTEM/ciel_omega/emotion/affective_orchestrator.py	affective_orchestrator.py	2159	2145	a76752fd8d7f2e0d8b7fcfd77927eb59fb480e5f	True
systems/CIEL_OMEGA_COMPLETE_SYSTEM/ciel_omega/emotion/emotion_core.py	emotion_core.py	1638	1633	a81b18dd173684682379c483245ac8552e6b9274	True
systems/CIEL_OMEGA_COMPLETE_SYSTEM/ciel_omega/emotion/empathic_engine.py	empathic_engine.py	1028	1019	8071f3fc24bcc6a2579092cdec41d8b71c1a94cf	True
systems/CIEL_OMEGA_COMPLETE_SYSTEM/ciel_omega/emotion/feeling_field.py	feeling_field.py	735	732	fb30a926daa5e3e1d5a83c65df38939a8116d659	True
systems/CIEL_OMEGA_COMPLETE_SYSTEM/ciel_omega/emotion/utils.py	utils.py	3223	3220	8fd1ca9a3656d04e46f79f7532536e1ed9b44365	True
systems/CIEL_OMEGA_COMPLETE_SYSTEM/ciel_omega/emotion/__init__.py	__init__.py	84	81	fe30bac5ffaf92bae62b328e9c5f90ec1f0a2526	True
systems/CIEL_OMEGA_COMPLETE_SYSTEM/ciel_omega/core/math_utils.py	math_utils.py	2408	2383	f51fdb971ef4514b33fcb80e115ed70ad9e640df	True
systems/CIEL_OMEGA_COMPLETE_SYSTEM/ciel_omega/core/base.py	base.py	712	711	4ad5c625d04f99f2b0785a4cecc992fbf09919ec	True
systems/CIEL_OMEGA_COMPLETE_SYSTEM/ciel_omega/core/__init__.py	__init__.py	210	209	95dc21f97fb49682fb2083ae090f0f6ebbe8f8df	True
systems/CIEL_OMEGA_COMPLETE_SYSTEM/ciel_omega/mathematics/safe_operations.py	safe_operations.py	4181	4179	d3740b8b8670ada2b2ef3e9fb0909f2ccd19864c	True
systems/CIEL_OMEGA_COMPLETE_SYSTEM/ciel_omega/mathematics/__init__.py	__init__.py	79	74	05e511d4dcb62ca1030de7ff9755a5ed038e0e6a	True
systems/CIEL_OMEGA_COMPLETE_SYSTEM/ciel_omega/vocabulary/EXECUTION_SUMMARY.md	EXECUTION_SUMMARY.md	10182	9849	dc1c108e4927c08e2b0902ffa4d93de694b01707	True
systems/CIEL_OMEGA_COMPLETE_SYSTEM/ciel_omega/vocabulary/README.md	README.md	6233	6049	d00ee2536ca8b80168d98f646da4db15bbdfba9a	True
systems/CIEL_OMEGA_COMPLETE_SYSTEM/ciel_omega/vocabulary/test_gguf_pipeline.py	test_gguf_pipeline.py	12256	12168	2fb1ed2c4afae3dfcce8a3019ffd533e11f5a422	True
systems/CIEL_OMEGA_COMPLETE_SYSTEM/ciel_omega/vocabulary/orchestrator.py	orchestrator.py	16764	16740	b48f3ef405751c2f84c44fa4218c5b11650e5907	True
systems/CIEL_OMEGA_COMPLETE_SYSTEM/ciel_omega/vocabulary/planetary_archetypes.py	planetary_archetypes.py	8523	8475	6072acf92b042f3ab0d78d6d44d06a1b13003a2c	True
systems/CIEL_OMEGA_COMPLETE_SYSTEM/ciel_omega/vocabulary/field_dynamics.py	field_dynamics.py	12223	12136	fec7ba6f8072f091dec5f6cd95f86d7b75f39c1a	True
systems/CIEL_OMEGA_COMPLETE_SYSTEM/ciel_omega/vocabulary/core_concepts.py	core_concepts.py	22345	22166	2248742eaef232717d6297ae51c9fc66a0815ceb	True
systems/CIEL_OMEGA_COMPLETE_SYSTEM/ciel_omega/vocabulary/demo_core_concepts.py	demo_core_concepts.py	7990	7924	98f6faa531df119aaa01831e9e5163bfa6cde806	True
systems/CIEL_OMEGA_COMPLETE_SYSTEM/ciel_omega/vocabulary/extended_concepts.py	extended_concepts.py	8453	8445	63a756a5c53f1da9876bc30c0c64e6e9fbe96268	True
systems/CIEL_OMEGA_COMPLETE_SYSTEM/ciel_omega/vocabulary/transcendent.py	transcendent.py	9504	9483	57c7eef2fed7cd852b55fe7852ed6c2b28bcdc55	True
systems/CIEL_OMEGA_COMPLETE_SYSTEM/ciel_omega/vocabulary/__init__.py	__init__.py	2319	2317	4c0192faaf9e22f0ba8e27a98f1aabb16938e114	True
systems/CIEL_OMEGA_COMPLETE_SYSTEM/ciel_omega/vocabulary/COMPLETE_DOCUMENTATION.md	COMPLETE_DOCUMENTATION.md	9731	9535	478ea7acb6488207cdded0078ab1792c79cf6205	True
systems/CIEL_OMEGA_COMPLETE_SYSTEM/ciel_omega/vocabulary/test_comprehensive.py	test_comprehensive.py	9111	9031	b6ba6ad81e6655ff2af71767fd78483049b96460	True
systems/CIEL_OMEGA_COMPLETE_SYSTEM/ciel_omega/memory/__init__.py	__init__.py	3957	3956	23c78fcdf6b3fe14911cfcaf9f7357ed1ab2ee57	True
systems/CIEL_OMEGA_COMPLETE_SYSTEM/ciel_omega/memory/affective_memory.py	affective_memory.py	16193	16192	72a6d90ba7299b7f51488f71c5e041ba91a0a3e6	True
systems/CIEL_OMEGA_COMPLETE_SYSTEM/ciel_omega/memory/affective_types.py	affective_types.py	2976	2975	5ede2d05d169a46544adbc87793436aee0bb450c	True
systems/CIEL_OMEGA_COMPLETE_SYSTEM/ciel_omega/memory/audit_journal.py	audit_journal.py	12610	12609	ea8307ce70de8f393342d0ef06777386cef8bfce	True
systems/CIEL_OMEGA_COMPLETE_SYSTEM/ciel_omega/memory/base.py	base.py	9278	9254	6b2dda5ad4569eda4b155eb5f378b4525edfd461	True
systems/CIEL_OMEGA_COMPLETE_SYSTEM/ciel_omega/memory/braid_invariant.py	braid_invariant.py	10000	9986	392d2af8a1ebeb86ef9648a6982a16086715d5da	True
systems/CIEL_OMEGA_COMPLETE_SYSTEM/ciel_omega/memory/coupling.py	coupling.py	12350	12285	c110a0a5ef9889b574c3b60b2f4f6a1480168fdd	True
systems/CIEL_OMEGA_COMPLETE_SYSTEM/ciel_omega/memory/dynamics.py	dynamics.py	13974	13954	0a36a5338fe3f9a534ae06754b074df6a11b3a3e	True
systems/CIEL_OMEGA_COMPLETE_SYSTEM/ciel_omega/memory/episodic.py	episodic.py	12261	12257	6cc8e009913703464885034d688d10f52df53b16	True
systems/CIEL_OMEGA_COMPLETE_SYSTEM/ciel_omega/memory/holonomy.py	holonomy.py	12033	11904	c2e1efec32e0d095251e3ac43d08e065b9cc4290	True
systems/CIEL_OMEGA_COMPLETE_SYSTEM/ciel_omega/memory/identity_memory.py	identity_memory.py	17902	17889	f3943d98ad2c30a7c85aa6517e301ca5246a2746	True
systems/CIEL_OMEGA_COMPLETE_SYSTEM/ciel_omega/memory/identity_types.py	identity_types.py	6532	6518	64bafdbf8ae81ba9b26cb674bd6ed3e030611a52	True
systems/CIEL_OMEGA_COMPLETE_SYSTEM/ciel_omega/memory/long_term.py	long_term.py	1715	1712	7dd1e1d6e421d973f2550690c460775c663dd31f	True
systems/CIEL_OMEGA_COMPLETE_SYSTEM/ciel_omega/memory/memory_log.py	memory_log.py	1369	1368	14ce7cf91b0b673f26b4959eaf56de55860215c1	True
systems/CIEL_OMEGA_COMPLETE_SYSTEM/ciel_omega/memory/orchestrator.py	orchestrator.py	17533	17532	c315cb08dd343d78e509af75d8bf61549aa0a126	True
systems/CIEL_OMEGA_COMPLETE_SYSTEM/ciel_omega/memory/orchestrator_types.py	orchestrator_types.py	1520	1519	df7b8f5e3e94a68cf7b40f7e691015c450a200c4	True
systems/CIEL_OMEGA_COMPLETE_SYSTEM/ciel_omega/memory/perceptual_memory.py	perceptual_memory.py	9497	9496	0da4c0e83aa09582da68beaeb5c58b6684f3ed4e	True
systems/CIEL_OMEGA_COMPLETE_SYSTEM/ciel_omega/memory/perceptual_types.py	perceptual_types.py	1537	1536	0e7c5f5a18ae43a5dc6e08ffb0d39308d84d4283	True
systems/CIEL_OMEGA_COMPLETE_SYSTEM/ciel_omega/memory/potential.py	potential.py	17256	17191	ab9bda23b8ae819fadb8b33809410b0cfb9f6b95	True
systems/CIEL_OMEGA_COMPLETE_SYSTEM/ciel_omega/memory/procedural_memory.py	procedural_memory.py	14702	14701	b43e0c5e2e7ade280fb9d73dd157ff4eaf3ccd1a	True
systems/CIEL_OMEGA_COMPLETE_SYSTEM/ciel_omega/memory/procedural_types.py	procedural_types.py	2851	2850	773e2ca52bcb3babb40dd4be6be72543e4bba272	True
systems/CIEL_OMEGA_COMPLETE_SYSTEM/ciel_omega/memory/semantic_memory.py	semantic_memory.py	13230	13229	be2d3161ab99fc0ed7fe162bdeb569bbdab03976	True
systems/CIEL_OMEGA_COMPLETE_SYSTEM/ciel_omega/memory/semantic_types.py	semantic_types.py	2710	2709	fc9fbe6df86761cc786f817f46c999eb51e4d7e7	True
systems/CIEL_OMEGA_COMPLETE_SYSTEM/ciel_omega/memory/synchronizer.py	synchronizer.py	700	692	897cb1b37fd914959ae5919c2374d78a9550b29d	True
systems/CIEL_OMEGA_COMPLETE_SYSTEM/ciel_omega/memory/working_memory.py	working_memory.py	9430	9429	b5d7d7e217867924e0ce4871b0d040af7e30bed1	True
systems/CIEL_OMEGA_COMPLETE_SYSTEM/ciel_omega/memory/working_types.py	working_types.py	1386	1385	d17743eea8879a0c1345e82407901c5514099485	True
systems/CIEL_OMEGA_COMPLETE_SYSTEM/ciel_omega/ciel/gguf_backends.py	gguf_backends.py	7004	7004	f7f911166305b277e904f3d3edce027a2d642c41	True
systems/CIEL_OMEGA_COMPLETE_SYSTEM/ciel_omega/ciel/language_backend.py	language_backend.py	514	514	7d50fac16a4829d92458ab64bce99d29f19f4ef4	True
systems/CIEL_OMEGA_COMPLETE_SYSTEM/ciel_omega/ciel/cli.py	cli.py	1572	1572	7922b7f5135195aa6e144894cc913a01f8f6a42a	True
systems/CIEL_OMEGA_COMPLETE_SYSTEM/ciel_omega/ciel/engine.py	engine.py	5845	5818	d13d6f6e8e9585ba614ae45b2ab51adc4b286520	True
systems/CIEL_OMEGA_COMPLETE_SYSTEM/ciel_omega/ciel/__init__.py	__init__.py	395	392	6afb9711ec68dbb4d2209ebe7848f918ce337daf	True
systems/CIEL_OMEGA_COMPLETE_SYSTEM/ciel_omega/ciel/hf_backends.py	hf_backends.py	4589	4589	c341e0671afd2b1ba3aa2d8ebec9c6aef8a0da31	True
systems/CIEL_OMEGA_COMPLETE_SYSTEM/ciel_omega/ciel/__main__.py	__main__.py	5292	5291	09e816f6295de1ee78b9ab4e904d70ee6629c3f6	True
systems/CIEL_OMEGA_COMPLETE_SYSTEM/ciel_omega/ciel/llm_registry.py	llm_registry.py	12548	12548	94472e8a87958611596dc34561bec590fe78b449	True
systems/CIEL_OMEGA_COMPLETE_SYSTEM/ciel_omega/bridge/__init__.py	__init__.py	54	53	328358f712fe8e4946f404e7d1264652a0283bef	True
systems/CIEL_OMEGA_COMPLETE_SYSTEM/ciel_omega/bridge/memory_core_phase_bridge.py	memory_core_phase_bridge.py	9460	9460	3c3eb40e955846ed957e26c29ae7beff65051ba5	True
systems/CIEL_OMEGA_COMPLETE_SYSTEM/ciel_omega/constraints/__init__.py	__init__.py	361	361	882dd9e10732f9a290ea70641c7365f51650c9b3	True
systems/CIEL_OMEGA_COMPLETE_SYSTEM/ciel_omega/constraints/euler_constraint.py	euler_constraint.py	14323	14322	5421a62a19b01f4702aead7c4c5104e4b01e33f1	True
systems/CIEL_OMEGA_COMPLETE_SYSTEM/ciel_omega/vocabulary_tools/__init__.py	__init__.py	87	87	f2385e3cffa5c22f77ea0e89aa8851e54bcd47b9	True
systems/CIEL_OMEGA_COMPLETE_SYSTEM/ciel_omega/vocabulary_tools/resolver.py	resolver.py	2561	2561	f26d24d5fdd725a66053fa50174f2de4b9a04d2b	True
systems/CIEL_OMEGA_COMPLETE_SYSTEM/ciel_omega/vocabulary_tools/symbol_extractor.py	symbol_extractor.py	1701	1701	0535a2bd79973ff1d0adcd0d112a90a6c35eeed2	True
systems/CIEL_OMEGA_COMPLETE_SYSTEM/ciel_omega/TODO/experimental/README.md	README.md	536	536	3de2944ce82cbd607efdfaf09514150f02d1ac29	True
systems/CIEL_OMEGA_COMPLETE_SYSTEM/ciel_omega/TODO/experimental/introspective_state_demo.py	introspective_state_demo.py	4411	4409	373bd72c9741b5a27e333443eafd44aac96ea2a0	True
systems/CIEL_OMEGA_COMPLETE_SYSTEM/ciel_omega/TODO/vocabulary/COMPLETE_DOCUMENTATION.md	COMPLETE_DOCUMENTATION.md	9731	9535	478ea7acb6488207cdded0078ab1792c79cf6205	True
systems/CIEL_OMEGA_COMPLETE_SYSTEM/ciel_omega/TODO/vocabulary/README.md	README.md	6233	6049	d00ee2536ca8b80168d98f646da4db15bbdfba9a	True
systems/CIEL_OMEGA_COMPLETE_SYSTEM/ciel_omega/TODO/vocabulary/__init__.py	__init__.py	2319	2317	4c0192faaf9e22f0ba8e27a98f1aabb16938e114	True
systems/CIEL_OMEGA_COMPLETE_SYSTEM/ciel_omega/TODO/vocabulary/core_concepts.py	core_concepts.py	22345	22166	2248742eaef232717d6297ae51c9fc66a0815ceb	True
systems/CIEL_OMEGA_COMPLETE_SYSTEM/ciel_omega/TODO/vocabulary/demo_core_concepts.py	demo_core_concepts.py	7990	7924	98f6faa531df119aaa01831e9e5163bfa6cde806	True
systems/CIEL_OMEGA_COMPLETE_SYSTEM/ciel_omega/TODO/vocabulary/extended_concepts.py	extended_concepts.py	8453	8445	63a756a5c53f1da9876bc30c0c64e6e9fbe96268	True
systems/CIEL_OMEGA_COMPLETE_SYSTEM/ciel_omega/TODO/vocabulary/field_dynamics.py	field_dynamics.py	12223	12136	fec7ba6f8072f091dec5f6cd95f86d7b75f39c1a	True
systems/CIEL_OMEGA_COMPLETE_SYSTEM/ciel_omega/TODO/vocabulary/orchestrator.py	orchestrator.py	16872	16848	8a384dcd5f6e0e1b5c96170afe085fea6c91676b	True
systems/CIEL_OMEGA_COMPLETE_SYSTEM/ciel_omega/TODO/vocabulary/planetary_archetypes.py	planetary_archetypes.py	8523	8475	6072acf92b042f3ab0d78d6d44d06a1b13003a2c	True
systems/CIEL_OMEGA_COMPLETE_SYSTEM/ciel_omega/TODO/vocabulary/test_comprehensive.py	test_comprehensive.py	9111	9031	b6ba6ad81e6655ff2af71767fd78483049b96460	True
systems/CIEL_OMEGA_COMPLETE_SYSTEM/ciel_omega/TODO/vocabulary/test_gguf_pipeline.py	test_gguf_pipeline.py	12256	12168	2fb1ed2c4afae3dfcce8a3019ffd533e11f5a422	True
systems/CIEL_OMEGA_COMPLETE_SYSTEM/ciel_omega/TODO/vocabulary/transcendent.py	transcendent.py	9504	9483	57c7eef2fed7cd852b55fe7852ed6c2b28bcdc55	True
systems/CIEL_OMEGA_COMPLETE_SYSTEM/ciel_omega/TODO/experimental/geometry_holonomy_monolith/README.md	README.md	262	261	37abf84ea7dacb7f6b903e60e2ed1f900a0db5f1	True
systems/CIEL_OMEGA_COMPLETE_SYSTEM/ciel_omega/TODO/experimental/geometry_holonomy_monolith/unified_reality_kernel_v7.py	unified_reality_kernel_v7.py	16154	16146	a19cdacb1520c59db0fce5f40cc3af94b7b1ea5c	True
systems/CIEL_OMEGA_COMPLETE_SYSTEM/ciel_omega/ciel/memory/__init__.py	__init__.py	159	156	24812d4c4b693c781a1859001959f60c378e483e	True
systems/CIEL_OMEGA_COMPLETE_SYSTEM/ciel_omega/memory/monolith/defaults.py	defaults.py	2828	2821	7a0dbdc8bee69fa44fee80bfca5f9308789bf795	True
systems/CIEL_OMEGA_COMPLETE_SYSTEM/ciel_omega/memory/monolith/cli.py	cli.py	4379	4372	240e3f1b5ae6a2d57c96981213c26b1b9b091f12	True
systems/CIEL_OMEGA_COMPLETE_SYSTEM/ciel_omega/memory/monolith/orchestrator.py	orchestrator.py	5543	5524	63d04f715d16ded55b16a498048c98e3b3b7a635	True
systems/CIEL_OMEGA_COMPLETE_SYSTEM/ciel_omega/memory/monolith/tsm_storage.py	tsm_storage.py	3297	3290	b2fcdfe369b79c8e55344e569f3ecbd6dc4fc6d4	True
systems/CIEL_OMEGA_COMPLETE_SYSTEM/ciel_omega/memory/monolith/wpm_storage.py	wpm_storage.py	3184	3177	946184029f59a1e1beaaaa9729ad5086dc3e0504	True
systems/CIEL_OMEGA_COMPLETE_SYSTEM/ciel_omega/memory/monolith/data_types.py	data_types.py	1145	1140	45dc06032500036d6e269e505c5368e0c425ff17	True
systems/CIEL_OMEGA_COMPLETE_SYSTEM/ciel_omega/memory/monolith/rules_engine.py	rules_engine.py	2744	2739	6a690e4089947bf22e1f116159b42411bf0fccc6	True
systems/CIEL_OMEGA_COMPLETE_SYSTEM/ciel_omega/memory/monolith/unified_memory.py	unified_memory.py	27669	27655	9502567e3f6b3cdb465f964c40b9cfddf973b9fb	True
systems/CIEL_OMEGA_COMPLETE_SYSTEM/ciel_omega/memory/monolith/tmp_processor.py	tmp_processor.py	3420	3406	cb149cc7905701c486d0a842efea8839785749a2	True
systems/CIEL_OMEGA_COMPLETE_SYSTEM/ciel_omega/memory/monolith/__init__.py	__init__.py	467	464	2937140b2e29120cf1468c85215f94fcf468a1a4	True
systems/CIEL_OMEGA_COMPLETE_SYSTEM/ciel_omega/mathematics/universal_law/universal_engine.py	universal_engine.py	48365	48286	6eb425b4592053387bbf3ce770ce6f95a762eec9	True
systems/CIEL_OMEGA_COMPLETE_SYSTEM/ciel_omega/mathematics/universal_law/__init__.py	__init__.py	98	94	96f42ec48df9cd4cd275dc96d79692649e8f3a31	True
systems/CIEL_OMEGA_COMPLETE_SYSTEM/ciel_omega/mathematics/paradoxes/paradox_operators.py	paradox_operators.py	3503	3488	40634cf6a6510d063e3e9b9a4f478a9ec074fd81	True
systems/CIEL_OMEGA_COMPLETE_SYSTEM/ciel_omega/mathematics/paradoxes/__init__.py	__init__.py	85	82	63a0776da892dd9692c8b3cd47bb783c5b72a865	True
systems/CIEL_OMEGA_COMPLETE_SYSTEM/ciel_omega/mathematics/paradoxes/ultimate_operators.py	ultimate_operators.py	67105	67037	6a66b5d506280d6d7e8215506cfc04d99889e7e3	True
systems/CIEL_OMEGA_COMPLETE_SYSTEM/ciel_omega/mathematics/lie4/lie4_full.py	lie4_full.py	31405	31237	59ba96584077adb9e4ebec0e48b77fe98db8f5b6	True
systems/CIEL_OMEGA_COMPLETE_SYSTEM/ciel_omega/mathematics/lie4/collatz_lie4.py	collatz_lie4.py	1542	1535	b1336a61f42e51a6e9bb2960b628bf8175843c6f	True
systems/CIEL_OMEGA_COMPLETE_SYSTEM/ciel_omega/mathematics/lie4/__init__.py	__init__.py	73	68	501818091efaa13c307b46a3a0fd725bfb35bd93	True
systems/CIEL_OMEGA_COMPLETE_SYSTEM/ciel_omega/mathematics/lie4/matrix_engine.py	matrix_engine.py	1831	1792	94f999ea380fe512447bf7944a1b9b262bf14079	True
systems/CIEL_OMEGA_COMPLETE_SYSTEM/ciel_omega/core/quantum/quantum_engine.py	quantum_engine.py	22838	22684	b8102328d952f515097f35ef1bd1b162ee4917f9	True
systems/CIEL_OMEGA_COMPLETE_SYSTEM/ciel_omega/core/quantum/resonance_kernel.py	resonance_kernel.py	1708	1702	291c412699d1db3ca7278801c9dba4a0cf8fdc43	True
systems/CIEL_OMEGA_COMPLETE_SYSTEM/ciel_omega/core/quantum/__init__.py	__init__.py	71	68	08f7bf7e743c45b3935811356146d7d286764c32	True
systems/CIEL_OMEGA_COMPLETE_SYSTEM/ciel_omega/core/quantum/quantum_optimiser.py	quantum_optimiser.py	1537	1530	a8b31d2010bc14b4cc66ec49e2b461a9f3787bc6	True
systems/CIEL_OMEGA_COMPLETE_SYSTEM/ciel_omega/core/physics/ciel0_framework.py	ciel0_framework.py	26823	26641	2334792d342f35896406cc970890202a6b888110	True
systems/CIEL_OMEGA_COMPLETE_SYSTEM/ciel_omega/core/physics/reality_expander.py	reality_expander.py	979	974	692bdb7d1ba538ae07c10354722a36d7cfea8a94	True
systems/CIEL_OMEGA_COMPLETE_SYSTEM/ciel_omega/core/physics/csf_simulator.py	csf_simulator.py	4420	4389	476c35e7d6cf042daf11709fee3be8b053e0f094	True
systems/CIEL_OMEGA_COMPLETE_SYSTEM/ciel_omega/core/physics/reality_laws.py	reality_laws.py	9860	9754	cff03c20d7284e19199ce21589d7f0e00d5559ac	True
systems/CIEL_OMEGA_COMPLETE_SYSTEM/ciel_omega/core/physics/__init__.py	__init__.py	65	62	60e4168d6bded9cfc075d7c98d790ea2caeba6c9	True
systems/CIEL_OMEGA_COMPLETE_SYSTEM/ciel_omega/core/physics/definite_kernel.py	definite_kernel.py	29803	29568	4db43b7fb4837446a53a5a602b634c86ba8d96ab	True
systems/CIEL_OMEGA_COMPLETE_SYSTEM/ciel_omega/core/braid/adapter.py	adapter.py	2288	2288	d979478cd42a7c138a007d1c0a9893fbd69fb38b	True
systems/CIEL_OMEGA_COMPLETE_SYSTEM/ciel_omega/core/braid/defaults.py	defaults.py	2479	2471	4ad62cada3fcc06276808e13f734cf0c042aab38	True
systems/CIEL_OMEGA_COMPLETE_SYSTEM/ciel_omega/core/braid/runtime.py	runtime.py	3480	3480	00655843b92e97df8c9182e92f6e3ddd65e68534	True
systems/CIEL_OMEGA_COMPLETE_SYSTEM/ciel_omega/core/braid/loops.py	loops.py	661	661	44cbfa5cb92f4f54946b087e2d7ff3cba59ffaa3	True
systems/CIEL_OMEGA_COMPLETE_SYSTEM/ciel_omega/core/braid/glyphs.py	glyphs.py	1733	1733	19437b0e159ecfa7000da47e26804b3a8bc33d86	True
systems/CIEL_OMEGA_COMPLETE_SYSTEM/ciel_omega/core/braid/phase_field.py	phase_field.py	574	574	57d826cecc47e6f69b23db099bf5aa1404236bf4	True
systems/CIEL_OMEGA_COMPLETE_SYSTEM/ciel_omega/core/braid/scars.py	scars.py	1651	1641	95151964ded0f76d8e0a327128db604e12851973	True
systems/CIEL_OMEGA_COMPLETE_SYSTEM/ciel_omega/core/braid/memory.py	memory.py	1406	1392	bce8d55a4b7267da033a195e39a6a35b22e37472	True
systems/CIEL_OMEGA_COMPLETE_SYSTEM/ciel_omega/core/braid/scheduler.py	scheduler.py	507	507	30d65a3ab7a50f2a0e6bf6600da21205202ceb60	True
systems/CIEL_OMEGA_COMPLETE_SYSTEM/ciel_omega/core/braid/__init__.py	__init__.py	676	676	1eb92da25f79c66b375ce0a54433049e2d372892	True
systems/CIEL_OMEGA_COMPLETE_SYSTEM/ciel_omega/emotion/cqcl/cqcl_compiler.py	cqcl_compiler.py	286	284	ac75bea60c1127ccb241525c07cdc57d97053789	True
systems/CIEL_OMEGA_COMPLETE_SYSTEM/ciel_omega/emotion/cqcl/emotional_collatz.py	emotional_collatz.py	14926	14845	965096986c6f03f17a07c80622bf43b3aa773314	True
systems/CIEL_OMEGA_COMPLETE_SYSTEM/ciel_omega/emotion/cqcl/quantum_engine.py	quantum_engine.py	3355	3343	c3ca6d82f44c17639796ad1ae75de4029f86c096	True
systems/CIEL_OMEGA_COMPLETE_SYSTEM/ciel_omega/emotion/cqcl/__init__.py	__init__.py	327	324	7eb101e0dece5f5ff2fbc94c8b503fb8f0b2c15a	True
systems/CIEL_OMEGA_COMPLETE_SYSTEM/ciel_omega/emotion/cqcl/cqcl_program.py	cqcl_program.py	2465	2447	90942f61266a7374b294a8e757bb7a22cd219dbc	True
systems/CIEL_OMEGA_COMPLETE_SYSTEM/ciel_omega/CIEL_MEMORY_SYSTEM/TSM/ledger/memory_ledger.db	memory_ledger.db	12288		2ca7a48686cdba3e501fb4ce8dfb23050bbc777a	False
systems/CIEL_OMEGA_COMPLETE_SYSTEM/ciel_omega/runtime/omega/drift_core.py	drift_core.py	1881	1876	a2a428c43c2c1be609d2bd3d9e1e544f134788ae	True
systems/CIEL_OMEGA_COMPLETE_SYSTEM/ciel_omega/runtime/omega/omega_runtime.py	omega_runtime.py	2564	2547	d6f7aef261b04d7ea7f72745feae09bd20e02e66	True
systems/CIEL_OMEGA_COMPLETE_SYSTEM/ciel_omega/runtime/omega/boot_ritual.py	boot_ritual.py	1504	1499	de07175612ce2501ca01cb252df6728daefcd4b2	True
systems/CIEL_OMEGA_COMPLETE_SYSTEM/ciel_omega/runtime/omega/__init__.py	__init__.py	69	66	b4437a4f02c9a8d3cc38de0de850d864d996d324	True
systems/CIEL_OMEGA_COMPLETE_SYSTEM/ciel_omega/runtime/agent/resonance_optimizer.py	resonance_optimizer.py	2941	2915	54291881e6f266532884c0986f3d2e58b9f85aa5	True
systems/CIEL_OMEGA_COMPLETE_SYSTEM/ciel_omega/runtime/agent/adam_memory.py	adam_memory.py	4703	4682	04ac7d26fa1b217b15f6661d461e989013f1eae7	True
systems/CIEL_OMEGA_COMPLETE_SYSTEM/ciel_omega/runtime/agent/adam_core.py	adam_core.py	32772	32563	a950258776f435277944fcf9b57441a189de73ca	True
systems/CIEL_OMEGA_COMPLETE_SYSTEM/ciel_omega/runtime/agent/__init__.py	__init__.py	89	86	a287ec14808b36c06e28e37c5c7bd617385e19c2	True
systems/CIEL_OMEGA_COMPLETE_SYSTEM/ciel_omega/experiments/intentional_tetra_or/dual_tetra_or.py	dual_tetra_or.py	15436	13182	d36e8f1278bd87d17c950952155485d224c1bdfc	True
systems/CIEL_OMEGA_COMPLETE_SYSTEM/ciel_omega/experiments/intentional_tetra_or/__init__.py	__init__.py	233	230	8ccd33720b25301ab6a402691d7d1816d4915f38	True
docs/pdfs/Coherence_law_application.pdf	Coherence_law_application.pdf	461106		c58736b674de67b8ef555f01419109f2502a0e8f	False
docs/pdfs/Collatz_emergence (5).pdf	Collatz_emergence (5).pdf	315192		aa9ffd34db1ab7a00c1dc783e8a7990bbb546137	False
docs/pdfs/Corrections (1).pdf	Corrections (1).pdf	224070		d4506adfa396f2f013327a241e95e0b91080f255	False
docs/pdfs/Corrections (2).pdf	Corrections (2).pdf	213866		ec233b4edb9d82b55d60ec9014b1c54316394c1e	False
docs/pdfs/Corrections (3).pdf	Corrections (3).pdf	265229		c288457678811ef18077241425ac2ace68cbc037	False
docs/pdfs/Corrections.pdf	Corrections.pdf	198581		a82df24d836a4d50026011e97c0ddf23223be10a	False
docs/pdfs/Derivation of tau_i (1).pdf	Derivation of tau_i (1).pdf	193546		5a40579328c811efb6f88330c9e81ae686b6bb7c	False
docs/pdfs/Formal_SM.pdf	Formal_SM.pdf	377871		0016481243ca4d39e8942aba83807abe3b776f00	False
docs/pdfs/Globalphaseconstraint1.pdf	Globalphaseconstraint1.pdf	311665		c021a9066723331956775797b70e2764ee838f40	False
docs/pdfs/Kappa_from_geometry.pdf	Kappa_from_geometry.pdf	315593		a87234af49a0a8321db18e0bdc9aa0d4e28b8f4a	False
docs/pdfs/Lambda_meta.pdf	Lambda_meta.pdf	302370		7e1388a07462407045f5ab012fb7398125148e72	False
docs/pdfs/MetaEFT.pdf	MetaEFT.pdf	271712		d101e39eed1ae6ed0e7d0f202640ed3eb07dc26a	False
docs/pdfs/Metatime framework summary.pdf	Metatime framework summary.pdf	321262		bca96bfc6e506bfdb7f23a7d9e4fb8c3a704ae79	False
docs/pdfs/MetatimeRama-1.pdf	MetatimeRama-1.pdf	169743		6b0d176f73d8dacb2684c5fa29a9dcaafda70ac6	False
docs/pdfs/Metatime_with_Euler_extension (8).pdf	Metatime_with_Euler_extension (8).pdf	274916		572a5e7f6955e18ecd205259ca7dbdba17b3db3e	False
docs/pdfs/Metatimenew (1).pdf	Metatimenew (1).pdf	635777		74ff487dfeaf6068dd238e98d1270e182bce7490	False
docs/pdfs/Neutrinotime+(14).pdf	Neutrinotime+(14).pdf	777516		f255185e2b24c3f78dbd5d889208f31d7ca8dec8	False
docs/pdfs/Perfect_numbers_and_rhe_strings.pdf	Perfect_numbers_and_rhe_strings.pdf	300508		c6065db0c57cf3350170c422e6c8a006580e9aa5	False
docs/pdfs/SM_and_M_Theory_generalisation.pdf	SM_and_M_Theory_generalisation.pdf	315018		6c0ac029b14c8d08b76061052e4de4657debae0c	False
docs/pdfs/Sigma (1).pdf	Sigma (1).pdf	441089		2169bdef9344045f5378669dfa758e120fe80a68	False
docs/pdfs/Sigma.pdf	Sigma.pdf	221758		9e7d896d6dfffac8f25c21216b9f3b0a8ea1e85a	False
docs/pdfs/White_threads.pdf	White_threads.pdf	304493		98a6d057af79cedbff372695015460b8baa821d1	False
